state,state_abbr,year,quarter,personal_income_per_capita,date
Arkansas,AR,2010,1,31432.0,2010-03-31
Arkansas,AR,2010,2,32154.0,2010-06-30
Arkansas,AR,2010,3,32635.0,2010-09-30
Arkansas,AR,2010,4,32661.0,2010-12-31
Arkansas,AR,2011,1,33850.0,2011-03-31
Arkansas,AR,2011,2,33838.0,2011-06-30
Arkansas,AR,2011,3,34346.0,2011-09-30
Arkansas,AR,2011,4,34712.0,2011-12-31
Arkansas,AR,2012,1,35788.0,2012-03-31
Arkansas,AR,2012,2,36251.0,2012-06-30
Arkansas,AR,2012,3,35854.0,2012-09-30
Arkansas,AR,2012,4,37258.0,2012-12-31
Arkansas,AR,2013,1,36159.0,2013-03-31
Arkansas,AR,2013,2,36268.0,2013-06-30
Arkansas,AR,2013,3,36413.0,2013-09-30
Arkansas,AR,2013,4,36279.0,2013-12-31
Arkansas,AR,2014,1,37348.0,2014-03-31
Arkansas,AR,2014,2,38098.0,2014-06-30
Arkansas,AR,2014,3,38371.0,2014-09-30
Arkansas,AR,2014,4,39015.0,2014-12-31
Arkansas,AR,2015,1,38777.0,2015-03-31
Arkansas,AR,2015,2,39068.0,2015-06-30
Arkansas,AR,2015,3,39471.0,2015-09-30
Arkansas,AR,2015,4,39722.0,2015-12-31
Arkansas,AR,2016,1,39817.0,2016-03-31
Arkansas,AR,2016,2,40075.0,2016-06-30
Arkansas,AR,2016,3,40228.0,2016-09-30
Arkansas,AR,2016,4,40580.0,2016-12-31
Arkansas,AR,2017,1,41059.0,2017-03-31
Arkansas,AR,2017,2,41182.0,2017-06-30
Arkansas,AR,2017,3,41383.0,2017-09-30
Arkansas,AR,2017,4,41990.0,2017-12-31
Arkansas,AR,2018,1,42434.0,2018-03-31
Arkansas,AR,2018,2,42762.0,2018-06-30
Arkansas,AR,2018,3,43230.0,2018-09-30
Arkansas,AR,2018,4,43670.0,2018-12-31
Arkansas,AR,2019,1,43223.0,2019-03-31
Arkansas,AR,2019,2,43473.0,2019-06-30
Arkansas,AR,2019,3,43940.0,2019-09-30
Arkansas,AR,2019,4,44263.0,2019-12-31
Arkansas,AR,2020,1,44756.0,2020-03-31
Arkansas,AR,2020,2,49360.0,2020-06-30
Arkansas,AR,2020,3,47131.0,2020-09-30
Arkansas,AR,2020,4,47240.0,2020-12-31
Arkansas,AR,2021,1,55466.0,2021-03-31
Arkansas,AR,2021,2,52553.0,2021-06-30
Arkansas,AR,2021,3,52659.0,2021-09-30
Arkansas,AR,2021,4,52669.0,2021-12-31
Arkansas,AR,2022,1,52791.0,2022-03-31
Arkansas,AR,2022,2,53035.0,2022-06-30
Arkansas,AR,2022,3,54041.0,2022-09-30
Arkansas,AR,2022,4,54966.0,2022-12-31
Arkansas,AR,2023,1,56240.0,2023-03-31
Arkansas,AR,2023,2,56433.0,2023-06-30
Arkansas,AR,2023,3,56540.0,2023-09-30
Arkansas,AR,2023,4,56895.0,2023-12-31
Arkansas,AR,2024,1,58127.0,2024-03-31
Arkansas,AR,2024,2,58657.0,2024-06-30
Arkansas,AR,2024,3,59619.0,2024-09-30
Arkansas,AR,2024,4,60333.0,2024-12-31
Arkansas,AR,2025,1,61680.0,2025-03-31
Arkansas,AR,2025,2,61708.0,2025-06-30
Arkansas,AR,2025,3,61807.0,2025-09-30
Arkansas,AR,2025,4,61848.0,2025-12-31
Arizona,AZ,2010,1,33107.44143203219,2010-03-31
Arizona,AZ,2010,2,33610.13037855635,2010-06-30
Arizona,AZ,2010,3,33942.623946091844,2010-09-30
Arizona,AZ,2010,4,34324.71686387272,2010-12-31
Arizona,AZ,2011,1,34733.73254553701,2011-03-31
Arizona,AZ,2011,2,34918.472719812846,2011-06-30
Arizona,AZ,2011,3,35224.86427567763,2011-09-30
Arizona,AZ,2011,4,35514.51042231799,2011-12-31
Arizona,AZ,2012,1,35608.09194880562,2012-03-31
Arizona,AZ,2012,2,35955.78572448304,2012-06-30
Arizona,AZ,2012,3,35723.90344374853,2012-09-30
Arizona,AZ,2012,4,36958.1126310639,2012-12-31
Arizona,AZ,2013,1,35980.35477166228,2013-03-31
Arizona,AZ,2013,2,36415.29596710623,2013-06-30
Arizona,AZ,2013,3,36655.15645795056,2013-09-30
Arizona,AZ,2013,4,36867.253782769054,2013-12-31
Arizona,AZ,2014,1,36985.68204093557,2014-03-31
Arizona,AZ,2014,2,37409.26050439389,2014-06-30
Arizona,AZ,2014,3,37869.6880217405,2014-09-30
Arizona,AZ,2014,4,38465.45152418588,2014-12-31
Arizona,AZ,2015,1,38590.31642911189,2015-03-31
Arizona,AZ,2015,2,39051.98593258118,2015-06-30
Arizona,AZ,2015,3,39211.99330875584,2015-09-30
Arizona,AZ,2015,4,39727.8572066251,2015-12-31
Arizona,AZ,2016,1,39526.99924993884,2016-03-31
Arizona,AZ,2016,2,40051.638881477236,2016-06-30
Arizona,AZ,2016,3,40586.28604818563,2016-09-30
Arizona,AZ,2016,4,40932.921147678535,2016-12-31
Arizona,AZ,2017,1,41270.838275572045,2017-03-31
Arizona,AZ,2017,2,41798.99569925915,2017-06-30
Arizona,AZ,2017,3,42564.02587481881,2017-09-30
Arizona,AZ,2017,4,43070.900930862386,2017-12-31
Arizona,AZ,2018,1,43174.826373476666,2018-03-31
Arizona,AZ,2018,2,43633.25678635576,2018-06-30
Arizona,AZ,2018,3,44358.03829805528,2018-09-30
Arizona,AZ,2018,4,44963.92353788852,2018-12-31
Arizona,AZ,2019,1,45346.162828793764,2019-03-31
Arizona,AZ,2019,2,45952.97786855806,2019-06-30
Arizona,AZ,2019,3,46557.57124776274,2019-09-30
Arizona,AZ,2019,4,47148.47810080387,2019-12-31
Arizona,AZ,2020,1,48645.62013411818,2020-03-31
Arizona,AZ,2020,2,54039.206322503385,2020-06-30
Arizona,AZ,2020,3,53272.15876889459,2020-09-30
Arizona,AZ,2020,4,52364.01620950633,2020-12-31
Arizona,AZ,2021,1,59012.977964597856,2021-03-31
Arizona,AZ,2021,2,55728.89386366992,2021-06-30
Arizona,AZ,2021,3,56476.499521172744,2021-09-30
Arizona,AZ,2021,4,57482.146740826465,2021-12-31
Arizona,AZ,2022,1,57532.69475913713,2022-03-31
Arizona,AZ,2022,2,58468.05964397872,2022-06-30
Arizona,AZ,2022,3,59749.106690375185,2022-09-30
Arizona,AZ,2022,4,60730.40061383448,2022-12-31
Arizona,AZ,2023,1,61955.4585683742,2023-03-31
Arizona,AZ,2023,2,63090.28373715609,2023-06-30
Arizona,AZ,2023,3,63663.92277692395,2023-09-30
Arizona,AZ,2023,4,64127.47164446725,2023-12-31
Arizona,AZ,2024,1,64952.40341198429,2024-03-31
Arizona,AZ,2024,2,65706.94021404834,2024-06-30
Arizona,AZ,2024,3,66197.91319280125,2024-09-30
Arizona,AZ,2024,4,67237.80984232754,2024-12-31
Arizona,AZ,2025,1,67122.86416071317,2025-03-31
Arizona,AZ,2025,2,68041.90498776335,2025-06-30
Arizona,AZ,2025,3,68618.00740783686,2025-09-30
Arizona,AZ,2025,4,69347.60247424584,2025-12-31
California,CA,2010,1,42251.73401072628,2010-03-31
California,CA,2010,2,42981.01397256934,2010-06-30
California,CA,2010,3,43130.57097419449,2010-09-30
California,CA,2010,4,44200.120312276005,2010-12-31
California,CA,2011,1,45074.67535806046,2011-03-31
California,CA,2011,2,45284.03168950326,2011-06-30
California,CA,2011,3,45841.17715468979,2011-09-30
California,CA,2011,4,45903.832073233745,2011-12-31
California,CA,2012,1,46797.84457062096,2012-03-31
California,CA,2012,2,47356.34900515755,2012-06-30
California,CA,2012,3,47294.487685465036,2012-09-30
California,CA,2012,4,49858.157499346875,2012-12-31
California,CA,2013,1,47096.7095319865,2013-03-31
California,CA,2013,2,47927.908696471415,2013-06-30
California,CA,2013,3,48404.32189581952,2013-09-30
California,CA,2013,4,49062.97335206299,2013-12-31
California,CA,2014,1,49308.30581910775,2014-03-31
California,CA,2014,2,50214.98595915391,2014-06-30
California,CA,2014,3,51220.60172744468,2014-09-30
California,CA,2014,4,51991.00695457135,2014-12-31
California,CA,2015,1,52834.85402229101,2015-03-31
California,CA,2015,2,53710.29718671686,2015-06-30
California,CA,2015,3,54264.0175264963,2015-09-30
California,CA,2015,4,54801.937554659766,2015-12-31
California,CA,2016,1,55191.71969501486,2016-03-31
California,CA,2016,2,55532.245293682485,2016-06-30
California,CA,2016,3,56260.56950456135,2016-09-30
California,CA,2016,4,56891.182871592784,2016-12-31
California,CA,2017,1,57230.11349012152,2017-03-31
California,CA,2017,2,57925.65341439535,2017-06-30
California,CA,2017,3,58655.81653872987,2017-09-30
California,CA,2017,4,59556.78236586021,2017-12-31
California,CA,2018,1,59830.21017350939,2018-03-31
California,CA,2018,2,60741.02180457196,2018-06-30
California,CA,2018,3,61622.48063472034,2018-09-30
California,CA,2018,4,62350.9352008774,2018-12-31
California,CA,2019,1,63470.56020889704,2019-03-31
California,CA,2019,2,64139.88068749602,2019-06-30
California,CA,2019,3,64520.6441262541,2019-09-30
California,CA,2019,4,65465.39711711739,2019-12-31
California,CA,2020,1,66430.59994624543,2020-03-31
California,CA,2020,2,70476.73374653106,2020-06-30
California,CA,2020,3,72260.13139914058,2020-09-30
California,CA,2020,4,71190.99040351542,2020-12-31
California,CA,2021,1,79402.9932934516,2021-03-31
California,CA,2021,2,76032.3257568968,2021-06-30
California,CA,2021,3,76579.98596120285,2021-09-30
California,CA,2021,4,76438.33627049135,2021-12-31
California,CA,2022,1,76185.76775817477,2022-03-31
California,CA,2022,2,76357.34451121929,2022-06-30
California,CA,2022,3,77493.37788620763,2022-09-30
California,CA,2022,4,78882.99367670783,2022-12-31
California,CA,2023,1,79482.21549634424,2023-03-31
California,CA,2023,2,81003.72299116319,2023-06-30
California,CA,2023,3,81773.21296717672,2023-09-30
California,CA,2023,4,82666.20457981025,2023-12-31
California,CA,2024,1,84541.25508252632,2024-03-31
California,CA,2024,2,85755.56663935121,2024-06-30
California,CA,2024,3,86757.32775704491,2024-09-30
California,CA,2024,4,88456.5119057968,2024-12-31
California,CA,2025,1,89785.07067496282,2025-03-31
California,CA,2025,2,89895.3531275793,2025-06-30
California,CA,2025,3,92058.75120939846,2025-09-30
California,CA,2025,4,92724.06424251427,2025-12-31
Colorado,CO,2010,1,39797.85000175333,2010-03-31
Colorado,CO,2010,2,40361.94668332429,2010-06-30
Colorado,CO,2010,3,41060.16813342106,2010-09-30
Colorado,CO,2010,4,42070.22471743161,2010-12-31
Colorado,CO,2011,1,42981.276479431464,2011-03-31
Colorado,CO,2011,2,43483.51197797692,2011-06-30
Colorado,CO,2011,3,44116.031160311606,2011-09-30
Colorado,CO,2011,4,44255.74493840177,2011-12-31
Colorado,CO,2012,1,44658.429700827546,2012-03-31
Colorado,CO,2012,2,45117.41238355995,2012-06-30
Colorado,CO,2012,3,44934.28526318627,2012-09-30
Colorado,CO,2012,4,47075.33800826392,2012-12-31
Colorado,CO,2013,1,45969.662140702676,2013-03-31
Colorado,CO,2013,2,46745.88589835193,2013-06-30
Colorado,CO,2013,3,47368.03361327957,2013-09-30
Colorado,CO,2013,4,47985.00182326163,2013-12-31
Colorado,CO,2014,1,48820.92695619001,2014-03-31
Colorado,CO,2014,2,49828.0753953612,2014-06-30
Colorado,CO,2014,3,50501.556522514045,2014-09-30
Colorado,CO,2014,4,51463.13863615261,2014-12-31
Colorado,CO,2015,1,50817.589261225214,2015-03-31
Colorado,CO,2015,2,51313.85571238107,2015-06-30
Colorado,CO,2015,3,51394.360588508796,2015-09-30
Colorado,CO,2015,4,51592.79016590128,2015-12-31
Colorado,CO,2016,1,50419.67270363308,2016-03-31
Colorado,CO,2016,2,50720.85361709312,2016-06-30
Colorado,CO,2016,3,51385.10390985028,2016-09-30
Colorado,CO,2016,4,52154.515891861316,2016-12-31
Colorado,CO,2017,1,52581.2824069978,2017-03-31
Colorado,CO,2017,2,53503.876601023854,2017-06-30
Colorado,CO,2017,3,54341.12914093496,2017-09-30
Colorado,CO,2017,4,55592.21927642596,2017-12-31
Colorado,CO,2018,1,55966.829057661234,2018-03-31
Colorado,CO,2018,2,56958.83296136405,2018-06-30
Colorado,CO,2018,3,58172.4211470462,2018-09-30
Colorado,CO,2018,4,59271.443378317774,2018-12-31
Colorado,CO,2019,1,60293.71261821249,2019-03-31
Colorado,CO,2019,2,60670.11363750819,2019-06-30
Colorado,CO,2019,3,61480.29186838346,2019-09-30
Colorado,CO,2019,4,61700.61019511031,2019-12-31
Colorado,CO,2020,1,62874.12908491339,2020-03-31
Colorado,CO,2020,2,65886.58503478476,2020-06-30
Colorado,CO,2020,3,64856.253109408135,2020-09-30
Colorado,CO,2020,4,65209.72552879595,2020-12-31
Colorado,CO,2021,1,72674.58819256023,2021-03-31
Colorado,CO,2021,2,70169.38040385472,2021-06-30
Colorado,CO,2021,3,71571.45884127045,2021-09-30
Colorado,CO,2021,4,73278.91870621192,2021-12-31
Colorado,CO,2022,1,74676.43770111329,2022-03-31
Colorado,CO,2022,2,75426.22991429702,2022-06-30
Colorado,CO,2022,3,78632.90369369362,2022-09-30
Colorado,CO,2022,4,77876.14111906762,2022-12-31
Colorado,CO,2023,1,78606.78862833715,2023-03-31
Colorado,CO,2023,2,79620.22854281965,2023-06-30
Colorado,CO,2023,3,80382.71450414733,2023-09-30
Colorado,CO,2023,4,81475.1261789102,2023-12-31
Colorado,CO,2024,1,81181.28707312781,2024-03-31
Colorado,CO,2024,2,82400.28975526767,2024-06-30
Colorado,CO,2024,3,82979.9505786255,2024-09-30
Colorado,CO,2024,4,83937.56902811422,2024-12-31
Colorado,CO,2025,1,85010.66350927667,2025-03-31
Colorado,CO,2025,2,85843.6696110027,2025-06-30
Colorado,CO,2025,3,86620.99228598263,2025-09-30
Colorado,CO,2025,4,87248.2291655752,2025-12-31
Connecticut,CT,2010,1,60290.24023147247,2010-03-31
Connecticut,CT,2010,2,61549.5534862383,2010-06-30
Connecticut,CT,2010,3,61894.521443920145,2010-09-30
Connecticut,CT,2010,4,61910.418971086336,2010-12-31
Connecticut,CT,2011,1,62224.49111527736,2011-03-31
Connecticut,CT,2011,2,63227.99328546365,2011-06-30
Connecticut,CT,2011,3,63565.22485448494,2011-09-30
Connecticut,CT,2011,4,63229.6652317652,2011-12-31
Connecticut,CT,2012,1,63165.41643870137,2012-03-31
Connecticut,CT,2012,2,63699.26549512671,2012-06-30
Connecticut,CT,2012,3,62928.15637246326,2012-09-30
Connecticut,CT,2012,4,65138.596872339345,2012-12-31
Connecticut,CT,2013,1,61963.70646578,2013-03-31
Connecticut,CT,2013,2,62057.39931564451,2013-06-30
Connecticut,CT,2013,3,62345.87540102431,2013-09-30
Connecticut,CT,2013,4,62628.87286027668,2013-12-31
Connecticut,CT,2014,1,63626.85732418499,2014-03-31
Connecticut,CT,2014,2,64397.1669470481,2014-06-30
Connecticut,CT,2014,3,65159.55042930481,2014-09-30
Connecticut,CT,2014,4,66108.57366457742,2014-12-31
Connecticut,CT,2015,1,66009.07717606027,2015-03-31
Connecticut,CT,2015,2,66452.84837014056,2015-06-30
Connecticut,CT,2015,3,66760.38111098015,2015-09-30
Connecticut,CT,2015,4,67385.81286482242,2015-12-31
Connecticut,CT,2016,1,67887.16223954769,2016-03-31
Connecticut,CT,2016,2,68024.7665391932,2016-06-30
Connecticut,CT,2016,3,68085.83089141104,2016-09-30
Connecticut,CT,2016,4,68304.22115016636,2016-12-31
Connecticut,CT,2017,1,68736.25998650752,2017-03-31
Connecticut,CT,2017,2,69446.46135567014,2017-06-30
Connecticut,CT,2017,3,69951.95400472796,2017-09-30
Connecticut,CT,2017,4,70946.15760697491,2017-12-31
Connecticut,CT,2018,1,71789.7106805563,2018-03-31
Connecticut,CT,2018,2,72400.97455323885,2018-06-30
Connecticut,CT,2018,3,73616.9000892697,2018-09-30
Connecticut,CT,2018,4,73788.72538473955,2018-12-31
Connecticut,CT,2019,1,74849.25780042859,2019-03-31
Connecticut,CT,2019,2,74906.01572284187,2019-06-30
Connecticut,CT,2019,3,74830.41327282896,2019-09-30
Connecticut,CT,2019,4,75540.61640674119,2019-12-31
Connecticut,CT,2020,1,74472.20295431696,2020-03-31
Connecticut,CT,2020,2,78089.23962529225,2020-06-30
Connecticut,CT,2020,3,77413.47391346008,2020-09-30
Connecticut,CT,2020,4,77351.56829884992,2020-12-31
Connecticut,CT,2021,1,83299.2725413102,2021-03-31
Connecticut,CT,2021,2,81085.07621754742,2021-06-30
Connecticut,CT,2021,3,81527.73254355536,2021-09-30
Connecticut,CT,2021,4,82592.1034213703,2021-12-31
Connecticut,CT,2022,1,83471.3338217214,2022-03-31
Connecticut,CT,2022,2,84161.46982886428,2022-06-30
Connecticut,CT,2022,3,86298.614394589,2022-09-30
Connecticut,CT,2022,4,87639.64587351227,2022-12-31
Connecticut,CT,2023,1,88460.60369053508,2023-03-31
Connecticut,CT,2023,2,89915.9629249329,2023-06-30
Connecticut,CT,2023,3,90759.10735769982,2023-09-30
Connecticut,CT,2023,4,91970.10794566548,2023-12-31
Connecticut,CT,2024,1,93615.80470976737,2024-03-31
Connecticut,CT,2024,2,94658.32836433436,2024-06-30
Connecticut,CT,2024,3,95528.09142268678,2024-09-30
Connecticut,CT,2024,4,96529.1394709792,2024-12-31
Connecticut,CT,2025,1,97579.04034598384,2025-03-31
Connecticut,CT,2025,2,98532.0846220248,2025-06-30
Connecticut,CT,2025,3,99237.6567576595,2025-09-30
Connecticut,CT,2025,4,100168.55108423597,2025-12-31
District of Columbia,DC,2010,1,61529.00631441212,2010-03-31
District of Columbia,DC,2010,2,62745.62930997452,2010-06-30
District of Columbia,DC,2010,3,63584.24668171199,2010-09-30
District of Columbia,DC,2010,4,64667.378180748805,2010-12-31
District of Columbia,DC,2011,1,65750.05239484757,2011-03-31
District of Columbia,DC,2011,2,66333.0055296716,2011-06-30
District of Columbia,DC,2011,3,67204.37214851117,2011-09-30
District of Columbia,DC,2011,4,67433.61975850006,2011-12-31
District of Columbia,DC,2012,1,66555.1949941564,2012-03-31
District of Columbia,DC,2012,2,66927.04687630263,2012-06-30
District of Columbia,DC,2012,3,66238.71192018082,2012-09-30
District of Columbia,DC,2012,4,68202.88893048541,2012-12-31
District of Columbia,DC,2013,1,65724.51612210099,2013-03-31
District of Columbia,DC,2013,2,66238.97452111014,2013-06-30
District of Columbia,DC,2013,3,66378.79301797689,2013-09-30
District of Columbia,DC,2013,4,66952.49394145426,2013-12-31
District of Columbia,DC,2014,1,68111.95850531115,2014-03-31
District of Columbia,DC,2014,2,69082.56894558946,2014-06-30
District of Columbia,DC,2014,3,70107.27799603075,2014-09-30
District of Columbia,DC,2014,4,70719.69234617686,2014-12-31
District of Columbia,DC,2015,1,72533.65513859388,2015-03-31
District of Columbia,DC,2015,2,73397.00508408985,2015-06-30
District of Columbia,DC,2015,3,73817.97126795014,2015-09-30
District of Columbia,DC,2015,4,74140.26888661091,2015-12-31
District of Columbia,DC,2016,1,74832.30944651937,2016-03-31
District of Columbia,DC,2016,2,75648.07381293122,2016-06-30
District of Columbia,DC,2016,3,76128.31163391392,2016-09-30
District of Columbia,DC,2016,4,77012.1412032997,2016-12-31
District of Columbia,DC,2017,1,76498.50303911035,2017-03-31
District of Columbia,DC,2017,2,77167.86763049812,2017-06-30
District of Columbia,DC,2017,3,78177.22238082055,2017-09-30
District of Columbia,DC,2017,4,78931.36932829708,2017-12-31
District of Columbia,DC,2018,1,78596.65666402044,2018-03-31
District of Columbia,DC,2018,2,79476.01850181851,2018-06-30
District of Columbia,DC,2018,3,80854.99192640174,2018-09-30
District of Columbia,DC,2018,4,81435.694535374,2018-12-31
District of Columbia,DC,2019,1,80582.08013238208,2019-03-31
District of Columbia,DC,2019,2,81145.72052642205,2019-06-30
District of Columbia,DC,2019,3,81356.66209673662,2019-09-30
District of Columbia,DC,2019,4,81721.64466652453,2019-12-31
District of Columbia,DC,2020,1,86647.30132139419,2020-03-31
District of Columbia,DC,2020,2,92387.60101228392,2020-06-30
District of Columbia,DC,2020,3,92591.6376285848,2020-09-30
District of Columbia,DC,2020,4,91317.0421993627,2020-12-31
District of Columbia,DC,2021,1,99462.09662847185,2021-03-31
District of Columbia,DC,2021,2,97685.6117568175,2021-06-30
District of Columbia,DC,2021,3,97790.14600447705,2021-09-30
District of Columbia,DC,2021,4,97411.43335867045,2021-12-31
District of Columbia,DC,2022,1,98869.83117890115,2022-03-31
District of Columbia,DC,2022,2,100012.00887767402,2022-06-30
District of Columbia,DC,2022,3,102220.01153445287,2022-09-30
District of Columbia,DC,2022,4,103624.30893356718,2022-12-31
District of Columbia,DC,2023,1,105260.93714975555,2023-03-31
District of Columbia,DC,2023,2,107156.74395913027,2023-06-30
District of Columbia,DC,2023,3,107984.95075151013,2023-09-30
District of Columbia,DC,2023,4,109135.32749549855,2023-12-31
District of Columbia,DC,2024,1,111060.73975495798,2024-03-31
District of Columbia,DC,2024,2,112491.06768309441,2024-06-30
District of Columbia,DC,2024,3,113200.87948966456,2024-09-30
District of Columbia,DC,2024,4,115024.37401455209,2024-12-31
District of Columbia,DC,2025,1,115289.23296498929,2025-03-31
District of Columbia,DC,2025,2,116211.46263578632,2025-06-30
District of Columbia,DC,2025,3,116346.69030988474,2025-09-30
District of Columbia,DC,2025,4,116635.59890145535,2025-12-31
Delaware,DE,2010,1,40231.00171511715,2010-03-31
Delaware,DE,2010,2,40703.74269018848,2010-06-30
Delaware,DE,2010,3,41470.71017854781,2010-09-30
Delaware,DE,2010,4,42018.14711770283,2010-12-31
Delaware,DE,2011,1,43226.34669839906,2011-03-31
Delaware,DE,2011,2,43664.42997388689,2011-06-30
Delaware,DE,2011,3,44090.06269350698,2011-09-30
Delaware,DE,2011,4,44255.00501327692,2011-12-31
Delaware,DE,2012,1,43444.69469742812,2012-03-31
Delaware,DE,2012,2,43822.29513783454,2012-06-30
Delaware,DE,2012,3,43369.98289492943,2012-09-30
Delaware,DE,2012,4,44662.91214372629,2012-12-31
Delaware,DE,2013,1,43273.61151091594,2013-03-31
Delaware,DE,2013,2,43954.62642117088,2013-06-30
Delaware,DE,2013,3,44163.378647753074,2013-09-30
Delaware,DE,2013,4,44690.94065116843,2013-12-31
Delaware,DE,2014,1,44597.060862837054,2014-03-31
Delaware,DE,2014,2,45326.969096514855,2014-06-30
Delaware,DE,2014,3,45801.60770567048,2014-09-30
Delaware,DE,2014,4,46126.10662382881,2014-12-31
Delaware,DE,2015,1,46730.95805491129,2015-03-31
Delaware,DE,2015,2,47452.35201392685,2015-06-30
Delaware,DE,2015,3,47416.68568517034,2015-09-30
Delaware,DE,2015,4,47882.6832543402,2015-12-31
Delaware,DE,2016,1,47480.44451041012,2016-03-31
Delaware,DE,2016,2,48105.18858639416,2016-06-30
Delaware,DE,2016,3,48607.40492784653,2016-09-30
Delaware,DE,2016,4,49192.04327629057,2016-12-31
Delaware,DE,2017,1,49443.59888176946,2017-03-31
Delaware,DE,2017,2,49688.916447968666,2017-06-30
Delaware,DE,2017,3,50541.78645471229,2017-09-30
Delaware,DE,2017,4,51077.41387265617,2017-12-31
Delaware,DE,2018,1,51764.091480219446,2018-03-31
Delaware,DE,2018,2,52472.37547635175,2018-06-30
Delaware,DE,2018,3,53382.52403087949,2018-09-30
Delaware,DE,2018,4,53968.05534729081,2018-12-31
Delaware,DE,2019,1,53573.681128080374,2019-03-31
Delaware,DE,2019,2,53981.189104178695,2019-06-30
Delaware,DE,2019,3,54264.08974185701,2019-09-30
Delaware,DE,2019,4,54321.529936477906,2019-12-31
Delaware,DE,2020,1,54022.522658762566,2020-03-31
Delaware,DE,2020,2,57187.08727782314,2020-06-30
Delaware,DE,2020,3,55736.019115022835,2020-09-30
Delaware,DE,2020,4,55134.54112855256,2020-12-31
Delaware,DE,2021,1,62780.33687184742,2021-03-31
Delaware,DE,2021,2,58302.50813327629,2021-06-30
Delaware,DE,2021,3,58459.00530279665,2021-09-30
Delaware,DE,2021,4,59933.1429765304,2021-12-31
Delaware,DE,2022,1,61869.841484535114,2022-03-31
Delaware,DE,2022,2,63484.00780570805,2022-06-30
Delaware,DE,2022,3,65007.51265095136,2022-09-30
Delaware,DE,2022,4,65987.7347274618,2022-12-31
Delaware,DE,2023,1,63784.56064302645,2023-03-31
Delaware,DE,2023,2,64274.05505749724,2023-06-30
Delaware,DE,2023,3,64940.5903681253,2023-09-30
Delaware,DE,2023,4,65632.33444792796,2023-12-31
Delaware,DE,2024,1,66645.71673984858,2024-03-31
Delaware,DE,2024,2,67831.00646305243,2024-06-30
Delaware,DE,2024,3,68669.19398965644,2024-09-30
Delaware,DE,2024,4,69562.0417798677,2024-12-31
Delaware,DE,2025,1,70490.92789107432,2025-03-31
Delaware,DE,2025,2,71205.11117484566,2025-06-30
Delaware,DE,2025,3,71691.9256721059,2025-09-30
Delaware,DE,2025,4,72040.80939514242,2025-12-31
Florida,FL,2010,1,37771.62255428074,2010-03-31
Florida,FL,2010,2,38573.97770992186,2010-06-30
Florida,FL,2010,3,39103.730667861324,2010-09-30
Florida,FL,2010,4,39636.01464766557,2010-12-31
Florida,FL,2011,1,39818.44293913073,2011-03-31
Florida,FL,2011,2,40283.18279234033,2011-06-30
Florida,FL,2011,3,40604.78367338285,2011-09-30
Florida,FL,2011,4,40883.499539007076,2011-12-31
Florida,FL,2012,1,40581.06158444797,2012-03-31
Florida,FL,2012,2,40849.178655742486,2012-06-30
Florida,FL,2012,3,40745.42783510282,2012-09-30
Florida,FL,2012,4,42381.45901443663,2012-12-31
Florida,FL,2013,1,40143.86898147566,2013-03-31
Florida,FL,2013,2,40462.17925643006,2013-06-30
Florida,FL,2013,3,40814.34340315957,2013-09-30
Florida,FL,2013,4,41144.4940940619,2013-12-31
Florida,FL,2014,1,41447.13778868413,2014-03-31
Florida,FL,2014,2,42425.64677534064,2014-06-30
Florida,FL,2014,3,43109.870715447054,2014-09-30
Florida,FL,2014,4,43973.41476829718,2014-12-31
Florida,FL,2015,1,44038.4841845915,2015-03-31
Florida,FL,2015,2,44628.732687604315,2015-06-30
Florida,FL,2015,3,45010.609022325465,2015-09-30
Florida,FL,2015,4,45449.82714620836,2015-12-31
Florida,FL,2016,1,44667.36383549576,2016-03-31
Florida,FL,2016,2,45115.04861266683,2016-06-30
Florida,FL,2016,3,45821.77923296271,2016-09-30
Florida,FL,2016,4,46482.36213119576,2016-12-31
Florida,FL,2017,1,46880.017527694145,2017-03-31
Florida,FL,2017,2,47895.91634949921,2017-06-30
Florida,FL,2017,3,48608.579579368714,2017-09-30
Florida,FL,2017,4,49397.65474608989,2017-12-31
Florida,FL,2018,1,49571.553436601,2018-03-31
Florida,FL,2018,2,50186.24859009154,2018-06-30
Florida,FL,2018,3,51141.8247233606,2018-09-30
Florida,FL,2018,4,51972.98263941262,2018-12-31
Florida,FL,2019,1,52555.823416801075,2019-03-31
Florida,FL,2019,2,53088.68076651206,2019-06-30
Florida,FL,2019,3,53476.77765217065,2019-09-30
Florida,FL,2019,4,54155.43771149675,2019-12-31
Florida,FL,2020,1,54678.529455695745,2020-03-31
Florida,FL,2020,2,58124.06603114909,2020-06-30
Florida,FL,2020,3,56878.412973729035,2020-09-30
Florida,FL,2020,4,56716.097784642676,2020-12-31
Florida,FL,2021,1,64273.435480034575,2021-03-31
Florida,FL,2021,2,61149.556585890416,2021-06-30
Florida,FL,2021,3,61764.96098448584,2021-09-30
Florida,FL,2021,4,63227.540171137596,2021-12-31
Florida,FL,2022,1,62490.17075898449,2022-03-31
Florida,FL,2022,2,64390.14938394054,2022-06-30
Florida,FL,2022,3,66446.23587528306,2022-09-30
Florida,FL,2022,4,67983.64628446994,2022-12-31
Florida,FL,2023,1,68371.90212256416,2023-03-31
Florida,FL,2023,2,69579.47334339094,2023-06-30
Florida,FL,2023,3,70364.02589391505,2023-09-30
Florida,FL,2023,4,71615.33601101964,2023-12-31
Florida,FL,2024,1,72041.9870541521,2024-03-31
Florida,FL,2024,2,72892.74944663502,2024-06-30
Florida,FL,2024,3,73760.69583223265,2024-09-30
Florida,FL,2024,4,74662.70933374504,2024-12-31
Florida,FL,2025,1,75242.6742943788,2025-03-31
Florida,FL,2025,2,75993.93637119426,2025-06-30
Florida,FL,2025,3,76917.28568945584,2025-09-30
Florida,FL,2025,4,77604.26225352283,2025-12-31
Illinois,IL,2010,1,41267.0,2010-03-31
Illinois,IL,2010,2,41920.0,2010-06-30
Illinois,IL,2010,3,42426.0,2010-09-30
Illinois,IL,2010,4,42796.0,2010-12-31
Illinois,IL,2011,1,43825.0,2011-03-31
Illinois,IL,2011,2,43961.0,2011-06-30
Illinois,IL,2011,3,44239.0,2011-09-30
Illinois,IL,2011,4,44271.0,2011-12-31
Illinois,IL,2012,1,45447.0,2012-03-31
Illinois,IL,2012,2,45794.0,2012-06-30
Illinois,IL,2012,3,45502.0,2012-09-30
Illinois,IL,2012,4,46964.0,2012-12-31
Illinois,IL,2013,1,46252.0,2013-03-31
Illinois,IL,2013,2,46693.0,2013-06-30
Illinois,IL,2013,3,46873.0,2013-09-30
Illinois,IL,2013,4,47137.0,2013-12-31
Illinois,IL,2014,1,47713.0,2014-03-31
Illinois,IL,2014,2,48294.0,2014-06-30
Illinois,IL,2014,3,48723.0,2014-09-30
Illinois,IL,2014,4,49406.0,2014-12-31
Illinois,IL,2015,1,50049.0,2015-03-31
Illinois,IL,2015,2,50534.0,2015-06-30
Illinois,IL,2015,3,50993.0,2015-09-30
Illinois,IL,2015,4,51171.0,2015-12-31
Illinois,IL,2016,1,51098.0,2016-03-31
Illinois,IL,2016,2,51133.0,2016-06-30
Illinois,IL,2016,3,51285.0,2016-09-30
Illinois,IL,2016,4,51850.0,2016-12-31
Illinois,IL,2017,1,52160.0,2017-03-31
Illinois,IL,2017,2,52737.0,2017-06-30
Illinois,IL,2017,3,53332.0,2017-09-30
Illinois,IL,2017,4,53989.0,2017-12-31
Illinois,IL,2018,1,55132.0,2018-03-31
Illinois,IL,2018,2,55880.0,2018-06-30
Illinois,IL,2018,3,56370.0,2018-09-30
Illinois,IL,2018,4,56903.0,2018-12-31
Illinois,IL,2019,1,57184.0,2019-03-31
Illinois,IL,2019,2,57427.0,2019-06-30
Illinois,IL,2019,3,57979.0,2019-09-30
Illinois,IL,2019,4,58328.0,2019-12-31
Illinois,IL,2020,1,58923.0,2020-03-31
Illinois,IL,2020,2,63148.0,2020-06-30
Illinois,IL,2020,3,62321.0,2020-09-30
Illinois,IL,2020,4,61985.0,2020-12-31
Illinois,IL,2021,1,69203.0,2021-03-31
Illinois,IL,2021,2,65797.0,2021-06-30
Illinois,IL,2021,3,66073.0,2021-09-30
Illinois,IL,2021,4,66349.0,2021-12-31
Illinois,IL,2022,1,66657.0,2022-03-31
Illinois,IL,2022,2,67336.0,2022-06-30
Illinois,IL,2022,3,68581.0,2022-09-30
Illinois,IL,2022,4,69559.0,2022-12-31
Illinois,IL,2023,1,70454.0,2023-03-31
Illinois,IL,2023,2,71566.0,2023-06-30
Illinois,IL,2023,3,72121.0,2023-09-30
Illinois,IL,2023,4,72952.0,2023-12-31
Illinois,IL,2024,1,73793.0,2024-03-31
Illinois,IL,2024,2,74361.0,2024-06-30
Illinois,IL,2024,3,74696.0,2024-09-30
Illinois,IL,2024,4,75531.0,2024-12-31
Illinois,IL,2025,1,76436.0,2025-03-31
Illinois,IL,2025,2,77643.0,2025-06-30
Illinois,IL,2025,3,78159.0,2025-09-30
Illinois,IL,2025,4,78936.0,2025-12-31
Massachusetts,MA,2010,1,51522.666772254066,2010-03-31
Massachusetts,MA,2010,2,52553.68205603036,2010-06-30
Massachusetts,MA,2010,3,53281.35184361694,2010-09-30
Massachusetts,MA,2010,4,53575.42290799886,2010-12-31
Massachusetts,MA,2011,1,53932.906354160084,2011-03-31
Massachusetts,MA,2011,2,55215.62790945203,2011-06-30
Massachusetts,MA,2011,3,55102.96152923898,2011-09-30
Massachusetts,MA,2011,4,55321.74778635963,2011-12-31
Massachusetts,MA,2012,1,55690.18897646538,2012-03-31
Massachusetts,MA,2012,2,56324.57213236741,2012-06-30
Massachusetts,MA,2012,3,55978.51767388141,2012-09-30
Massachusetts,MA,2012,4,58042.72006427112,2012-12-31
Massachusetts,MA,2013,1,55856.422142263815,2013-03-31
Massachusetts,MA,2013,2,56396.915753880996,2013-06-30
Massachusetts,MA,2013,3,56669.35908283915,2013-09-30
Massachusetts,MA,2013,4,56984.333056645875,2013-12-31
Massachusetts,MA,2014,1,57291.48435208749,2014-03-31
Massachusetts,MA,2014,2,57926.23473287859,2014-06-30
Massachusetts,MA,2014,3,58993.02631952394,2014-09-30
Massachusetts,MA,2014,4,60229.25220669625,2014-12-31
Massachusetts,MA,2015,1,61031.58168522353,2015-03-31
Massachusetts,MA,2015,2,61974.00391085878,2015-06-30
Massachusetts,MA,2015,3,62418.74199336107,2015-09-30
Massachusetts,MA,2015,4,63225.05503506886,2015-12-31
Massachusetts,MA,2016,1,63188.85412638708,2016-03-31
Massachusetts,MA,2016,2,63839.75756084414,2016-06-30
Massachusetts,MA,2016,3,64809.5727727587,2016-09-30
Massachusetts,MA,2016,4,65130.022497978694,2016-12-31
Massachusetts,MA,2017,1,65650.43505119791,2017-03-31
Massachusetts,MA,2017,2,66524.39841714795,2017-06-30
Massachusetts,MA,2017,3,67515.18162586179,2017-09-30
Massachusetts,MA,2017,4,68263.51048144112,2017-12-31
Massachusetts,MA,2018,1,69193.46125023962,2018-03-31
Massachusetts,MA,2018,2,69836.06652608587,2018-06-30
Massachusetts,MA,2018,3,70655.90816937081,2018-09-30
Massachusetts,MA,2018,4,71449.68136955902,2018-12-31
Massachusetts,MA,2019,1,73388.29389853316,2019-03-31
Massachusetts,MA,2019,2,73579.1890884878,2019-06-30
Massachusetts,MA,2019,3,73634.88256435968,2019-09-30
Massachusetts,MA,2019,4,74042.06858912617,2019-12-31
Massachusetts,MA,2020,1,73791.13626863193,2020-03-31
Massachusetts,MA,2020,2,79894.55028545579,2020-06-30
Massachusetts,MA,2020,3,78106.32870076102,2020-09-30
Massachusetts,MA,2020,4,78591.78963884262,2020-12-31
Massachusetts,MA,2021,1,85955.29248629465,2021-03-31
Massachusetts,MA,2021,2,83505.8593875617,2021-06-30
Massachusetts,MA,2021,3,83595.88727348139,2021-09-30
Massachusetts,MA,2021,4,83472.64382844478,2021-12-31
Massachusetts,MA,2022,1,83382.52343439189,2022-03-31
Massachusetts,MA,2022,2,83987.90685029389,2022-06-30
Massachusetts,MA,2022,3,85331.13466510757,2022-09-30
Massachusetts,MA,2022,4,88918.27089025424,2022-12-31
Massachusetts,MA,2023,1,87993.40465985691,2023-03-31
Massachusetts,MA,2023,2,89537.75080126767,2023-06-30
Massachusetts,MA,2023,3,90330.26039944417,2023-09-30
Massachusetts,MA,2023,4,91576.87468924414,2023-12-31
Massachusetts,MA,2024,1,92423.96225569303,2024-03-31
Massachusetts,MA,2024,2,93432.6530840954,2024-06-30
Massachusetts,MA,2024,3,93984.92132867133,2024-09-30
Massachusetts,MA,2024,4,94459.73697776582,2024-12-31
Massachusetts,MA,2025,1,95826.8871318816,2025-03-31
Massachusetts,MA,2025,2,97066.16528405313,2025-06-30
Massachusetts,MA,2025,3,98045.78755295576,2025-09-30
Massachusetts,MA,2025,4,98883.42099421813,2025-12-31
Maryland,MD,2010,1,48525.19976561572,2010-03-31
Maryland,MD,2010,2,49420.94920107574,2010-06-30
Maryland,MD,2010,3,49895.03840530239,2010-09-30
Maryland,MD,2010,4,50721.654150508984,2010-12-31
Maryland,MD,2011,1,51113.746847090726,2011-03-31
Maryland,MD,2011,2,51715.96514595887,2011-06-30
Maryland,MD,2011,3,52357.49689096734,2011-09-30
Maryland,MD,2011,4,52523.46606929406,2011-12-31
Maryland,MD,2012,1,52472.69407943618,2012-03-31
Maryland,MD,2012,2,52474.73199312204,2012-06-30
Maryland,MD,2012,3,52497.47171333348,2012-09-30
Maryland,MD,2012,4,53425.079075296664,2012-12-31
Maryland,MD,2013,1,52062.65715722195,2013-03-31
Maryland,MD,2013,2,52178.01197158508,2013-06-30
Maryland,MD,2013,3,52171.041739202934,2013-09-30
Maryland,MD,2013,4,52411.371301241124,2013-12-31
Maryland,MD,2014,1,52507.87575435432,2014-03-31
Maryland,MD,2014,2,53285.56874557052,2014-06-30
Maryland,MD,2014,3,53939.47111977321,2014-09-30
Maryland,MD,2014,4,54347.40298090759,2014-12-31
Maryland,MD,2015,1,55006.82304566331,2015-03-31
Maryland,MD,2015,2,55411.763959356955,2015-06-30
Maryland,MD,2015,3,55792.45851401213,2015-09-30
Maryland,MD,2015,4,56184.99237208209,2015-12-31
Maryland,MD,2016,1,56448.9778116049,2016-03-31
Maryland,MD,2016,2,57000.982518103,2016-06-30
Maryland,MD,2016,3,57520.39199509107,2016-09-30
Maryland,MD,2016,4,58225.11817019238,2016-12-31
Maryland,MD,2017,1,58195.53344903425,2017-03-31
Maryland,MD,2017,2,58769.785802893275,2017-06-30
Maryland,MD,2017,3,59280.63599895557,2017-09-30
Maryland,MD,2017,4,60030.082018039924,2017-12-31
Maryland,MD,2018,1,60052.65010667555,2018-03-31
Maryland,MD,2018,2,60615.69443872077,2018-06-30
Maryland,MD,2018,3,61254.05960425034,2018-09-30
Maryland,MD,2018,4,61587.665853545914,2018-12-31
Maryland,MD,2019,1,62241.03436623961,2019-03-31
Maryland,MD,2019,2,62789.560416148495,2019-06-30
Maryland,MD,2019,3,62904.54064556064,2019-09-30
Maryland,MD,2019,4,63394.38747181234,2019-12-31
Maryland,MD,2020,1,62191.523451023706,2020-03-31
Maryland,MD,2020,2,66546.15516962598,2020-06-30
Maryland,MD,2020,3,65823.19948556152,2020-09-30
Maryland,MD,2020,4,64891.95319101895,2020-12-31
Maryland,MD,2021,1,72153.54187597707,2021-03-31
Maryland,MD,2021,2,67984.70215923323,2021-06-30
Maryland,MD,2021,3,68188.40890636144,2021-09-30
Maryland,MD,2021,4,68746.37206557281,2021-12-31
Maryland,MD,2022,1,69326.26284173536,2022-03-31
Maryland,MD,2022,2,70201.10922124052,2022-06-30
Maryland,MD,2022,3,71560.21494820609,2022-09-30
Maryland,MD,2022,4,72456.44164555994,2022-12-31
Maryland,MD,2023,1,73939.88680285844,2023-03-31
Maryland,MD,2023,2,75185.46148891034,2023-06-30
Maryland,MD,2023,3,76321.60700681893,2023-09-30
Maryland,MD,2023,4,77047.90080527942,2023-12-31
Maryland,MD,2024,1,78399.1325336084,2024-03-31
Maryland,MD,2024,2,79072.5654466693,2024-06-30
Maryland,MD,2024,3,79788.38213739132,2024-09-30
Maryland,MD,2024,4,80683.19703380807,2024-12-31
Maryland,MD,2025,1,81091.1350959492,2025-03-31
Maryland,MD,2025,2,81720.91665473596,2025-06-30
Maryland,MD,2025,3,82089.38786630653,2025-09-30
Maryland,MD,2025,4,82432.94425671874,2025-12-31
Maine,ME,2010,1,37546.68960442164,2010-03-31
Maine,ME,2010,2,37981.74369619727,2010-06-30
Maine,ME,2010,3,38343.058529688904,2010-09-30
Maine,ME,2010,4,38237.684451712084,2010-12-31
Maine,ME,2011,1,39265.83378058869,2011-03-31
Maine,ME,2011,2,39310.54677061558,2011-06-30
Maine,ME,2011,3,39641.30245778424,2011-09-30
Maine,ME,2011,4,39978.30591965362,2011-12-31
Maine,ME,2012,1,39852.29961132269,2012-03-31
Maine,ME,2012,2,40196.10057721818,2012-06-30
Maine,ME,2012,3,39845.974757810814,2012-09-30
Maine,ME,2012,4,40417.4704501338,2012-12-31
Maine,ME,2013,1,39831.30391714833,2013-03-31
Maine,ME,2013,2,39988.31802960085,2013-06-30
Maine,ME,2013,3,40143.67619264111,2013-09-30
Maine,ME,2013,4,40333.131859488174,2013-12-31
Maine,ME,2014,1,40418.35403243799,2014-03-31
Maine,ME,2014,2,41039.36473167034,2014-06-30
Maine,ME,2014,3,41505.25421475236,2014-09-30
Maine,ME,2014,4,42252.91594082708,2014-12-31
Maine,ME,2015,1,42323.81660344083,2015-03-31
Maine,ME,2015,2,42965.078572084225,2015-06-30
Maine,ME,2015,3,43408.98865245452,2015-09-30
Maine,ME,2015,4,43919.786200867056,2015-12-31
Maine,ME,2016,1,43997.7393293644,2016-03-31
Maine,ME,2016,2,44404.69006595874,2016-06-30
Maine,ME,2016,3,44558.32860483898,2016-09-30
Maine,ME,2016,4,45031.178040571984,2016-12-31
Maine,ME,2017,1,45533.309925636895,2017-03-31
Maine,ME,2017,2,45855.75219185128,2017-06-30
Maine,ME,2017,3,46509.695353073155,2017-09-30
Maine,ME,2017,4,46987.5567380851,2017-12-31
Maine,ME,2018,1,47410.79736710735,2018-03-31
Maine,ME,2018,2,47894.48431226089,2018-06-30
Maine,ME,2018,3,48391.08052022091,2018-09-30
Maine,ME,2018,4,48713.438990301634,2018-12-31
Maine,ME,2019,1,49763.258209055035,2019-03-31
Maine,ME,2019,2,50163.47518520995,2019-06-30
Maine,ME,2019,3,50579.07369015508,2019-09-30
Maine,ME,2019,4,51171.522622736426,2019-12-31
Maine,ME,2020,1,51304.53645388283,2020-03-31
Maine,ME,2020,2,57106.686033303384,2020-06-30
Maine,ME,2020,3,54137.20021164548,2020-09-30
Maine,ME,2020,4,54775.21461350515,2020-12-31
Maine,ME,2021,1,61772.113162423164,2021-03-31
Maine,ME,2021,2,58135.37112520658,2021-06-30
Maine,ME,2021,3,58515.64420536777,2021-09-30
Maine,ME,2021,4,59101.282152618296,2021-12-31
Maine,ME,2022,1,59991.73604199528,2022-03-31
Maine,ME,2022,2,61066.48174563537,2022-06-30
Maine,ME,2022,3,62453.030177818815,2022-09-30
Maine,ME,2022,4,62838.70550487394,2022-12-31
Maine,ME,2023,1,64691.952593167436,2023-03-31
Maine,ME,2023,2,64702.29502022836,2023-06-30
Maine,ME,2023,3,65603.65537035874,2023-09-30
Maine,ME,2023,4,66351.23452915566,2023-12-31
Maine,ME,2024,1,67757.11816920589,2024-03-31
Maine,ME,2024,2,68289.62297239921,2024-06-30
Maine,ME,2024,3,69014.25550858468,2024-09-30
Maine,ME,2024,4,69996.19436567317,2024-12-31
Maine,ME,2025,1,70493.98038270546,2025-03-31
Maine,ME,2025,2,71700.66027080857,2025-06-30
Maine,ME,2025,3,71970.15423281508,2025-09-30
Maine,ME,2025,4,72483.27412900371,2025-12-31
Minnesota,MN,2010,1,41220.621457544,2010-03-31
Minnesota,MN,2010,2,42135.82770940102,2010-06-30
Minnesota,MN,2010,3,42902.86793245783,2010-09-30
Minnesota,MN,2010,4,43934.15546116747,2010-12-31
Minnesota,MN,2011,1,44516.760121347696,2011-03-31
Minnesota,MN,2011,2,45109.6580643472,2011-06-30
Minnesota,MN,2011,3,45504.80490478096,2011-09-30
Minnesota,MN,2011,4,45618.12883653598,2011-12-31
Minnesota,MN,2012,1,46725.29986052999,2012-03-31
Minnesota,MN,2012,2,47257.870757787074,2012-06-30
Minnesota,MN,2012,3,47235.10925151093,2012-09-30
Minnesota,MN,2012,4,48779.0980939098,2012-12-31
Minnesota,MN,2013,1,46993.40058455448,2013-03-31
Minnesota,MN,2013,2,47362.81936542633,2013-06-30
Minnesota,MN,2013,3,47889.254517591115,2013-09-30
Minnesota,MN,2013,4,47982.40796111047,2013-12-31
Minnesota,MN,2014,1,48203.27307839377,2014-03-31
Minnesota,MN,2014,2,49243.22326788827,2014-06-30
Minnesota,MN,2014,3,50072.652546965575,2014-09-30
Minnesota,MN,2014,4,50688.68158964469,2014-12-31
Minnesota,MN,2015,1,51178.86536146413,2015-03-31
Minnesota,MN,2015,2,51371.49840572633,2015-06-30
Minnesota,MN,2015,3,51752.3881282319,2015-09-30
Minnesota,MN,2015,4,52107.14729863337,2015-12-31
Minnesota,MN,2016,1,51675.474539215546,2016-03-31
Minnesota,MN,2016,2,51842.07001896709,2016-06-30
Minnesota,MN,2016,3,52598.79899228286,2016-09-30
Minnesota,MN,2016,4,53004.22053947616,2016-12-31
Minnesota,MN,2017,1,53689.58625374218,2017-03-31
Minnesota,MN,2017,2,53866.880171109995,2017-06-30
Minnesota,MN,2017,3,54106.80333536651,2017-09-30
Minnesota,MN,2017,4,55060.49881106778,2017-12-31
Minnesota,MN,2018,1,55399.302020659816,2018-03-31
Minnesota,MN,2018,2,56237.597530435414,2018-06-30
Minnesota,MN,2018,3,56981.54066797628,2018-09-30
Minnesota,MN,2018,4,57859.18532467593,2018-12-31
Minnesota,MN,2019,1,57802.75469042578,2019-03-31
Minnesota,MN,2019,2,58065.85505490817,2019-06-30
Minnesota,MN,2019,3,58689.02295776299,2019-09-30
Minnesota,MN,2019,4,58980.2968163597,2019-12-31
Minnesota,MN,2020,1,58631.75988632993,2020-03-31
Minnesota,MN,2020,2,63751.06338045187,2020-06-30
Minnesota,MN,2020,3,61383.71319670463,2020-09-30
Minnesota,MN,2020,4,61722.40140287418,2020-12-31
Minnesota,MN,2021,1,69668.7728767049,2021-03-31
Minnesota,MN,2021,2,67195.50301843436,2021-06-30
Minnesota,MN,2021,3,66853.0841932743,2021-09-30
Minnesota,MN,2021,4,67204.65588798148,2021-12-31
Minnesota,MN,2022,1,67906.6234953248,2022-03-31
Minnesota,MN,2022,2,68913.22926933173,2022-06-30
Minnesota,MN,2022,3,70264.34444654928,2022-09-30
Minnesota,MN,2022,4,70784.23378870428,2022-12-31
Minnesota,MN,2023,1,71364.33908024998,2023-03-31
Minnesota,MN,2023,2,72385.1112063658,2023-06-30
Minnesota,MN,2023,3,73058.56876710196,2023-09-30
Minnesota,MN,2023,4,73886.32848473091,2023-12-31
Minnesota,MN,2024,1,74387.54063240363,2024-03-31
Minnesota,MN,2024,2,75097.23747090292,2024-06-30
Minnesota,MN,2024,3,75889.95421227255,2024-09-30
Minnesota,MN,2024,4,76816.937923088,2024-12-31
Minnesota,MN,2025,1,77466.17945065566,2025-03-31
Minnesota,MN,2025,2,78164.10695311904,2025-06-30
Minnesota,MN,2025,3,79154.03818431139,2025-09-30
Minnesota,MN,2025,4,79367.11086108083,2025-12-31
New Hampshire,NH,2010,1,45873.38919067107,2010-03-31
New Hampshire,NH,2010,2,47143.0513355412,2010-06-30
New Hampshire,NH,2010,3,47443.77877699617,2010-09-30
New Hampshire,NH,2010,4,47512.35374660068,2010-12-31
New Hampshire,NH,2011,1,48461.047950537846,2011-03-31
New Hampshire,NH,2011,2,49231.1676981379,2011-06-30
New Hampshire,NH,2011,3,49384.903865669425,2011-09-30
New Hampshire,NH,2011,4,49490.02002356783,2011-12-31
New Hampshire,NH,2012,1,50361.786307152615,2012-03-31
New Hampshire,NH,2012,2,50619.28304031851,2012-06-30
New Hampshire,NH,2012,3,50545.90666252981,2012-09-30
New Hampshire,NH,2012,4,51746.8786730652,2012-12-31
New Hampshire,NH,2013,1,50204.17819407025,2013-03-31
New Hampshire,NH,2013,2,50575.69209626964,2013-06-30
New Hampshire,NH,2013,3,50656.308578799224,2013-09-30
New Hampshire,NH,2013,4,50848.7333417717,2013-12-31
New Hampshire,NH,2014,1,51265.46085199478,2014-03-31
New Hampshire,NH,2014,2,51985.337157684015,2014-06-30
New Hampshire,NH,2014,3,52187.921817161165,2014-09-30
New Hampshire,NH,2014,4,53308.095816623034,2014-12-31
New Hampshire,NH,2015,1,53225.244489637225,2015-03-31
New Hampshire,NH,2015,2,54228.39967700451,2015-06-30
New Hampshire,NH,2015,3,54556.77841911655,2015-09-30
New Hampshire,NH,2015,4,55651.37422615665,2015-12-31
New Hampshire,NH,2016,1,55199.47249894693,2016-03-31
New Hampshire,NH,2016,2,55803.776752742815,2016-06-30
New Hampshire,NH,2016,3,56424.75146871237,2016-09-30
New Hampshire,NH,2016,4,56518.746083557715,2016-12-31
New Hampshire,NH,2017,1,57286.79386401756,2017-03-31
New Hampshire,NH,2017,2,57679.41972533962,2017-06-30
New Hampshire,NH,2017,3,58848.929387327415,2017-09-30
New Hampshire,NH,2017,4,59186.16404829698,2017-12-31
New Hampshire,NH,2018,1,60137.23337052715,2018-03-31
New Hampshire,NH,2018,2,60414.489647721435,2018-06-30
New Hampshire,NH,2018,3,61122.3528925571,2018-09-30
New Hampshire,NH,2018,4,61425.069221822734,2018-12-31
New Hampshire,NH,2019,1,64232.72483562772,2019-03-31
New Hampshire,NH,2019,2,64315.17736479659,2019-06-30
New Hampshire,NH,2019,3,64517.854793894396,2019-09-30
New Hampshire,NH,2019,4,64797.914142078494,2019-12-31
New Hampshire,NH,2020,1,65352.86984171192,2020-03-31
New Hampshire,NH,2020,2,68539.80991505361,2020-06-30
New Hampshire,NH,2020,3,67851.21617230655,2020-09-30
New Hampshire,NH,2020,4,68511.5959940584,2020-12-31
New Hampshire,NH,2021,1,74285.45284374242,2021-03-31
New Hampshire,NH,2021,2,72918.50246450231,2021-06-30
New Hampshire,NH,2021,3,73693.26619146673,2021-09-30
New Hampshire,NH,2021,4,74982.2574567316,2021-12-31
New Hampshire,NH,2022,1,73449.19653999901,2022-03-31
New Hampshire,NH,2022,2,74708.71308211739,2022-06-30
New Hampshire,NH,2022,3,75978.6116320015,2022-09-30
New Hampshire,NH,2022,4,77187.57853630875,2022-12-31
New Hampshire,NH,2023,1,77576.57702653529,2023-03-31
New Hampshire,NH,2023,2,78964.20340627742,2023-06-30
New Hampshire,NH,2023,3,79678.63691822508,2023-09-30
New Hampshire,NH,2023,4,81001.47695732521,2023-12-31
New Hampshire,NH,2024,1,81992.20741232984,2024-03-31
New Hampshire,NH,2024,2,82949.09969201671,2024-06-30
New Hampshire,NH,2024,3,83556.40467498463,2024-09-30
New Hampshire,NH,2024,4,84391.89275536416,2024-12-31
New Hampshire,NH,2025,1,85928.27740574363,2025-03-31
New Hampshire,NH,2025,2,86146.38723361562,2025-06-30
New Hampshire,NH,2025,3,87408.27305343868,2025-09-30
New Hampshire,NH,2025,4,88352.42648066687,2025-12-31
New Jersey,NJ,2010,1,50482.365320291006,2010-03-31
New Jersey,NJ,2010,2,50980.885057488245,2010-06-30
New Jersey,NJ,2010,3,51197.83041010172,2010-09-30
New Jersey,NJ,2010,4,51411.24145131327,2010-12-31
New Jersey,NJ,2011,1,52503.38900422175,2011-03-31
New Jersey,NJ,2011,2,52963.2832201702,2011-06-30
New Jersey,NJ,2011,3,53460.239006351214,2011-09-30
New Jersey,NJ,2011,4,53680.04855156316,2011-12-31
New Jersey,NJ,2012,1,54320.44669081633,2012-03-31
New Jersey,NJ,2012,2,54477.90224167279,2012-06-30
New Jersey,NJ,2012,3,54457.11241125744,2012-09-30
New Jersey,NJ,2012,4,55879.97790105465,2012-12-31
New Jersey,NJ,2013,1,54625.20635718423,2013-03-31
New Jersey,NJ,2013,2,55078.43294643231,2013-06-30
New Jersey,NJ,2013,3,55210.37284451786,2013-09-30
New Jersey,NJ,2013,4,55723.2303520245,2013-12-31
New Jersey,NJ,2014,1,56418.94349302497,2014-03-31
New Jersey,NJ,2014,2,57087.59295553753,2014-06-30
New Jersey,NJ,2014,3,57736.83397958584,2014-09-30
New Jersey,NJ,2014,4,58526.185659926945,2014-12-31
New Jersey,NJ,2015,1,59171.10920111941,2015-03-31
New Jersey,NJ,2015,2,59656.34579708132,2015-06-30
New Jersey,NJ,2015,3,60075.744799055545,2015-09-30
New Jersey,NJ,2015,4,60232.97714894358,2015-12-31
New Jersey,NJ,2016,1,60938.06065283205,2016-03-31
New Jersey,NJ,2016,2,61092.65433222924,2016-06-30
New Jersey,NJ,2016,3,61590.378814242365,2016-09-30
New Jersey,NJ,2016,4,62187.927673868864,2016-12-31
New Jersey,NJ,2017,1,62585.08100732358,2017-03-31
New Jersey,NJ,2017,2,63343.698073400454,2017-06-30
New Jersey,NJ,2017,3,64041.7625856098,2017-09-30
New Jersey,NJ,2017,4,64857.41066163735,2017-12-31
New Jersey,NJ,2018,1,65483.91595336341,2018-03-31
New Jersey,NJ,2018,2,66102.22082766796,2018-06-30
New Jersey,NJ,2018,3,67030.51037312199,2018-09-30
New Jersey,NJ,2018,4,67657.92483577436,2018-12-31
New Jersey,NJ,2019,1,69871.13634538554,2019-03-31
New Jersey,NJ,2019,2,70209.70485841262,2019-06-30
New Jersey,NJ,2019,3,70399.205601727,2019-09-30
New Jersey,NJ,2019,4,70771.63883895845,2019-12-31
New Jersey,NJ,2020,1,68312.32829899997,2020-03-31
New Jersey,NJ,2020,2,71246.06115155252,2020-06-30
New Jersey,NJ,2020,3,71047.34427876196,2020-09-30
New Jersey,NJ,2020,4,71241.37962279392,2020-12-31
New Jersey,NJ,2021,1,78619.52111631252,2021-03-31
New Jersey,NJ,2021,2,75172.19267795456,2021-06-30
New Jersey,NJ,2021,3,75584.83998666596,2021-09-30
New Jersey,NJ,2021,4,75982.30358379839,2021-12-31
New Jersey,NJ,2022,1,75873.66087205092,2022-03-31
New Jersey,NJ,2022,2,76681.93954186967,2022-06-30
New Jersey,NJ,2022,3,78028.4074618413,2022-09-30
New Jersey,NJ,2022,4,79081.30880983635,2022-12-31
New Jersey,NJ,2023,1,79695.18850618633,2023-03-31
New Jersey,NJ,2023,2,80918.47905046292,2023-06-30
New Jersey,NJ,2023,3,82168.37860146254,2023-09-30
New Jersey,NJ,2023,4,83009.39351155337,2023-12-31
New Jersey,NJ,2024,1,83520.58002468664,2024-03-31
New Jersey,NJ,2024,2,84602.68784436178,2024-06-30
New Jersey,NJ,2024,3,85229.84732106546,2024-09-30
New Jersey,NJ,2024,4,86023.55855883339,2024-12-31
New Jersey,NJ,2025,1,87042.51003983467,2025-03-31
New Jersey,NJ,2025,2,87888.32258176005,2025-06-30
New Jersey,NJ,2025,3,88556.43698848423,2025-09-30
New Jersey,NJ,2025,4,89404.74214290315,2025-12-31
New Mexico,NM,2010,1,32948.7255244806,2010-03-31
New Mexico,NM,2010,2,33518.32352197554,2010-06-30
New Mexico,NM,2010,3,33923.58087274425,2010-09-30
New Mexico,NM,2010,4,34258.897789126684,2010-12-31
New Mexico,NM,2011,1,34741.84495942966,2011-03-31
New Mexico,NM,2011,2,34999.01716099384,2011-06-30
New Mexico,NM,2011,3,35243.50136756401,2011-09-30
New Mexico,NM,2011,4,35386.6738565305,2011-12-31
New Mexico,NM,2012,1,35756.604708976076,2012-03-31
New Mexico,NM,2012,2,35993.56233968717,2012-06-30
New Mexico,NM,2012,3,35531.19079951046,2012-09-30
New Mexico,NM,2012,4,35670.72133888007,2012-12-31
New Mexico,NM,2013,1,34761.34980669743,2013-03-31
New Mexico,NM,2013,2,34911.76792414875,2013-06-30
New Mexico,NM,2013,3,34903.16714233768,2013-09-30
New Mexico,NM,2013,4,35100.02948156877,2013-12-31
New Mexico,NM,2014,1,36143.86126734015,2014-03-31
New Mexico,NM,2014,2,36728.1015158097,2014-06-30
New Mexico,NM,2014,3,37217.32856959693,2014-09-30
New Mexico,NM,2014,4,37771.524363756056,2014-12-31
New Mexico,NM,2015,1,37577.048817958814,2015-03-31
New Mexico,NM,2015,2,37877.75630588626,2015-06-30
New Mexico,NM,2015,3,37873.97652998391,2015-09-30
New Mexico,NM,2015,4,38112.58086447781,2015-12-31
New Mexico,NM,2016,1,38255.67308864045,2016-03-31
New Mexico,NM,2016,2,38653.70324794331,2016-06-30
New Mexico,NM,2016,3,38714.44239219519,2016-09-30
New Mexico,NM,2016,4,38794.63144337903,2016-12-31
New Mexico,NM,2017,1,39052.50463006321,2017-03-31
New Mexico,NM,2017,2,39146.34822280113,2017-06-30
New Mexico,NM,2017,3,39419.85164684993,2017-09-30
New Mexico,NM,2017,4,39782.659385983854,2017-12-31
New Mexico,NM,2018,1,40489.04503585426,2018-03-31
New Mexico,NM,2018,2,40908.339757201655,2018-06-30
New Mexico,NM,2018,3,41444.028286035515,2018-09-30
New Mexico,NM,2018,4,41799.65745737083,2018-12-31
New Mexico,NM,2019,1,42737.829545530316,2019-03-31
New Mexico,NM,2019,2,43199.57668812755,2019-06-30
New Mexico,NM,2019,3,43738.95640859312,2019-09-30
New Mexico,NM,2019,4,44085.11197665879,2019-12-31
New Mexico,NM,2020,1,44567.66894223407,2020-03-31
New Mexico,NM,2020,2,48795.6266055401,2020-06-30
New Mexico,NM,2020,3,46934.45100795583,2020-09-30
New Mexico,NM,2020,4,45941.12854422534,2020-12-31
New Mexico,NM,2021,1,53864.92230671138,2021-03-31
New Mexico,NM,2021,2,49669.62641099514,2021-06-30
New Mexico,NM,2021,3,49763.094507155336,2021-09-30
New Mexico,NM,2021,4,50120.48363481793,2021-12-31
New Mexico,NM,2022,1,51431.96966763991,2022-03-31
New Mexico,NM,2022,2,52657.84418174616,2022-06-30
New Mexico,NM,2022,3,54449.91833340512,2022-09-30
New Mexico,NM,2022,4,54025.848388368555,2022-12-31
New Mexico,NM,2023,1,54711.187256086654,2023-03-31
New Mexico,NM,2023,2,55403.38094386531,2023-06-30
New Mexico,NM,2023,3,55516.52889637337,2023-09-30
New Mexico,NM,2023,4,56388.58913751345,2023-12-31
New Mexico,NM,2024,1,57323.9093575528,2024-03-31
New Mexico,NM,2024,2,58146.51674319885,2024-06-30
New Mexico,NM,2024,3,58604.39332058789,2024-09-30
New Mexico,NM,2024,4,59304.37366640743,2024-12-31
New Mexico,NM,2025,1,60302.76198801411,2025-03-31
New Mexico,NM,2025,2,61591.63640709142,2025-06-30
New Mexico,NM,2025,3,62068.93631516003,2025-09-30
New Mexico,NM,2025,4,62617.6547801974,2025-12-31
New York,NY,2010,1,47926.64478208095,2010-03-31
New York,NY,2010,2,48958.4821738771,2010-06-30
New York,NY,2010,3,48784.70858387514,2010-09-30
New York,NY,2010,4,48844.579853686264,2010-12-31
New York,NY,2011,1,50950.71923624716,2011-03-31
New York,NY,2011,2,50844.58547293602,2011-06-30
New York,NY,2011,3,51163.25855884237,2011-09-30
New York,NY,2011,4,51192.28431745954,2011-12-31
New York,NY,2012,1,52118.623329843394,2012-03-31
New York,NY,2012,2,52832.2762192709,2012-06-30
New York,NY,2012,3,52692.276764882554,2012-09-30
New York,NY,2012,4,54837.12828034957,2012-12-31
New York,NY,2013,1,52895.92819662896,2013-03-31
New York,NY,2013,2,53550.78809820687,2013-06-30
New York,NY,2013,3,53800.618837155176,2013-09-30
New York,NY,2013,4,54115.642085328764,2013-12-31
New York,NY,2014,1,54442.39736054228,2014-03-31
New York,NY,2014,2,54918.96046038984,2014-06-30
New York,NY,2014,3,55781.807257979526,2014-09-30
New York,NY,2014,4,56701.20906624396,2014-12-31
New York,NY,2015,1,56907.88180139094,2015-03-31
New York,NY,2015,2,57778.03597957219,2015-06-30
New York,NY,2015,3,58348.92252102919,2015-09-30
New York,NY,2015,4,58346.08388396364,2015-12-31
New York,NY,2016,1,59348.869148103644,2016-03-31
New York,NY,2016,2,59510.67077448193,2016-06-30
New York,NY,2016,3,59917.75678127412,2016-09-30
New York,NY,2016,4,60911.28456344142,2016-12-31
New York,NY,2017,1,62677.736263048675,2017-03-31
New York,NY,2017,2,63572.042430254514,2017-06-30
New York,NY,2017,3,64332.388189783436,2017-09-30
New York,NY,2017,4,65779.25041680172,2017-12-31
New York,NY,2018,1,65488.148903060144,2018-03-31
New York,NY,2018,2,66182.1845142201,2018-06-30
New York,NY,2018,3,66899.1426465422,2018-09-30
New York,NY,2018,4,67223.09210688567,2018-12-31
New York,NY,2019,1,68334.91487058274,2019-03-31
New York,NY,2019,2,69076.12654921759,2019-06-30
New York,NY,2019,3,69187.86088425342,2019-09-30
New York,NY,2019,4,69585.06316378388,2019-12-31
New York,NY,2020,1,67439.52543705076,2020-03-31
New York,NY,2020,2,72369.81110771741,2020-06-30
New York,NY,2020,3,71776.98014268972,2020-09-30
New York,NY,2020,4,69822.38875529998,2020-12-31
New York,NY,2021,1,79253.75636269497,2021-03-31
New York,NY,2021,2,75449.94049763188,2021-06-30
New York,NY,2021,3,75338.42743849427,2021-09-30
New York,NY,2021,4,75597.99438830029,2021-12-31
New York,NY,2022,1,76020.12882345555,2022-03-31
New York,NY,2022,2,76577.57751537372,2022-06-30
New York,NY,2022,3,77737.53647651743,2022-09-30
New York,NY,2022,4,79364.67386410761,2022-12-31
New York,NY,2023,1,79739.34607980787,2023-03-31
New York,NY,2023,2,81453.0562514129,2023-06-30
New York,NY,2023,3,82606.29459122798,2023-09-30
New York,NY,2023,4,83116.61112302437,2023-12-31
New York,NY,2024,1,83625.92674049776,2024-03-31
New York,NY,2024,2,84725.75370777443,2024-06-30
New York,NY,2024,3,85462.14146106334,2024-09-30
New York,NY,2024,4,86098.0713418383,2024-12-31
New York,NY,2025,1,87581.50198473415,2025-03-31
New York,NY,2025,2,88022.63845282375,2025-06-30
New York,NY,2025,3,89363.58072947848,2025-09-30
New York,NY,2025,4,90422.05228395535,2025-12-31
Ohio,OH,2010,1,35800.08889505903,2010-03-31
Ohio,OH,2010,2,36388.89517168454,2010-06-30
Ohio,OH,2010,3,36917.01397527733,2010-09-30
Ohio,OH,2010,4,37245.66918229804,2010-12-31
Ohio,OH,2011,1,38378.16301863849,2011-03-31
Ohio,OH,2011,2,38693.11914746008,2011-06-30
Ohio,OH,2011,3,39255.404701389736,2011-09-30
Ohio,OH,2011,4,39548.63852322957,2011-12-31
Ohio,OH,2012,1,39848.86638534544,2012-03-31
Ohio,OH,2012,2,40281.65251215677,2012-06-30
Ohio,OH,2012,3,40116.610110093774,2012-09-30
Ohio,OH,2012,4,41180.70247081393,2012-12-31
Ohio,OH,2013,1,40498.659204407166,2013-03-31
Ohio,OH,2013,2,40859.5409964272,2013-06-30
Ohio,OH,2013,3,40991.75522112333,2013-09-30
Ohio,OH,2013,4,41115.109106528915,2013-12-31
Ohio,OH,2014,1,41709.54682316649,2014-03-31
Ohio,OH,2014,2,42180.92627341421,2014-06-30
Ohio,OH,2014,3,42674.02617465121,2014-09-30
Ohio,OH,2014,4,43158.50165246882,2014-12-31
Ohio,OH,2015,1,43466.64154258424,2015-03-31
Ohio,OH,2015,2,43885.21563905298,2015-06-30
Ohio,OH,2015,3,44141.69638320765,2015-09-30
Ohio,OH,2015,4,44491.97083369363,2015-12-31
Ohio,OH,2016,1,44434.15240127628,2016-03-31
Ohio,OH,2016,2,44643.653039589146,2016-06-30
Ohio,OH,2016,3,44847.045461964975,2016-09-30
Ohio,OH,2016,4,45325.96051910385,2016-12-31
Ohio,OH,2017,1,45842.21477894266,2017-03-31
Ohio,OH,2017,2,46150.545882092345,2017-06-30
Ohio,OH,2017,3,46563.57703511472,2017-09-30
Ohio,OH,2017,4,47043.89944337703,2017-12-31
Ohio,OH,2018,1,47408.57975572413,2018-03-31
Ohio,OH,2018,2,47848.186593969025,2018-06-30
Ohio,OH,2018,3,48434.60585030664,2018-09-30
Ohio,OH,2018,4,48938.77111439777,2018-12-31
Ohio,OH,2019,1,49319.77555350499,2019-03-31
Ohio,OH,2019,2,49573.885605334995,2019-06-30
Ohio,OH,2019,3,49898.02511125757,2019-09-30
Ohio,OH,2019,4,50344.67127664695,2019-12-31
Ohio,OH,2020,1,50268.33842238366,2020-03-31
Ohio,OH,2020,2,54907.75379381879,2020-06-30
Ohio,OH,2020,3,53238.919343708294,2020-09-30
Ohio,OH,2020,4,52992.60908177236,2020-12-31
Ohio,OH,2021,1,60644.99908727186,2021-03-31
Ohio,OH,2021,2,56425.17674064313,2021-06-30
Ohio,OH,2021,3,56253.20804598551,2021-09-30
Ohio,OH,2021,4,56824.66853769559,2021-12-31
Ohio,OH,2022,1,57206.8049587971,2022-03-31
Ohio,OH,2022,2,57821.57170238718,2022-06-30
Ohio,OH,2022,3,58702.017433138266,2022-09-30
Ohio,OH,2022,4,59468.09803696573,2022-12-31
Ohio,OH,2023,1,60585.24489790734,2023-03-31
Ohio,OH,2023,2,61465.15316651974,2023-06-30
Ohio,OH,2023,3,62251.577056652095,2023-09-30
Ohio,OH,2023,4,62984.293371069216,2023-12-31
Ohio,OH,2024,1,63563.24850106921,2024-03-31
Ohio,OH,2024,2,64481.90191727735,2024-06-30
Ohio,OH,2024,3,64851.50313798915,2024-09-30
Ohio,OH,2024,4,65452.643668489196,2024-12-31
Ohio,OH,2025,1,66339.87955138057,2025-03-31
Ohio,OH,2025,2,67395.75866916627,2025-06-30
Ohio,OH,2025,3,67469.83112488456,2025-09-30
Ohio,OH,2025,4,67959.17149769212,2025-12-31
Oregon,OR,2010,1,35675.422280614985,2010-03-31
Oregon,OR,2010,2,35772.20116457778,2010-06-30
Oregon,OR,2010,3,36051.28082188568,2010-09-30
Oregon,OR,2010,4,36263.600247445414,2010-12-31
Oregon,OR,2011,1,37207.901934375026,2011-03-31
Oregon,OR,2011,2,37386.95143818015,2011-06-30
Oregon,OR,2011,3,37526.2351162195,2011-09-30
Oregon,OR,2011,4,38002.77947628924,2011-12-31
Oregon,OR,2012,1,38757.42224177727,2012-03-31
Oregon,OR,2012,2,39026.77417154731,2012-06-30
Oregon,OR,2012,3,38940.16105219812,2012-09-30
Oregon,OR,2012,4,39785.933803782566,2012-12-31
Oregon,OR,2013,1,38944.09178132111,2013-03-31
Oregon,OR,2013,2,39336.12972113422,2013-06-30
Oregon,OR,2013,3,39656.17681461529,2013-09-30
Oregon,OR,2013,4,39909.58459370405,2013-12-31
Oregon,OR,2014,1,40449.462570045696,2014-03-31
Oregon,OR,2014,2,41335.08782238169,2014-06-30
Oregon,OR,2014,3,42074.19743600154,2014-09-30
Oregon,OR,2014,4,42752.38075303995,2014-12-31
Oregon,OR,2015,1,43411.19241754845,2015-03-31
Oregon,OR,2015,2,43829.15495221899,2015-06-30
Oregon,OR,2015,3,44582.960685741244,2015-09-30
Oregon,OR,2015,4,44835.83847076875,2015-12-31
Oregon,OR,2016,1,44972.052913183616,2016-03-31
Oregon,OR,2016,2,45194.32014152007,2016-06-30
Oregon,OR,2016,3,45539.88729307197,2016-09-30
Oregon,OR,2016,4,46158.04817223194,2016-12-31
Oregon,OR,2017,1,46446.695122168814,2017-03-31
Oregon,OR,2017,2,47360.712792485894,2017-06-30
Oregon,OR,2017,3,47822.21853574885,2017-09-30
Oregon,OR,2017,4,48626.815460876416,2017-12-31
Oregon,OR,2018,1,49184.541887751475,2018-03-31
Oregon,OR,2018,2,49834.66147552622,2018-06-30
Oregon,OR,2018,3,50636.494756352164,2018-09-30
Oregon,OR,2018,4,51174.22143649706,2018-12-31
Oregon,OR,2019,1,51440.61501154143,2019-03-31
Oregon,OR,2019,2,51864.630859302735,2019-06-30
Oregon,OR,2019,3,52267.58466797403,2019-09-30
Oregon,OR,2019,4,53177.99605134204,2019-12-31
Oregon,OR,2020,1,53991.52218051704,2020-03-31
Oregon,OR,2020,2,58225.15331524782,2020-06-30
Oregon,OR,2020,3,56758.219073491404,2020-09-30
Oregon,OR,2020,4,57675.636213504564,2020-12-31
Oregon,OR,2021,1,65176.0139573003,2021-03-31
Oregon,OR,2021,2,61484.74707093888,2021-06-30
Oregon,OR,2021,3,61798.16583624991,2021-09-30
Oregon,OR,2021,4,62130.01132162124,2021-12-31
Oregon,OR,2022,1,62879.92550101697,2022-03-31
Oregon,OR,2022,2,63275.35984761058,2022-06-30
Oregon,OR,2022,3,63921.243797639356,2022-09-30
Oregon,OR,2022,4,64685.758051646226,2022-12-31
Oregon,OR,2023,1,66463.70499473931,2023-03-31
Oregon,OR,2023,2,67104.25767788006,2023-06-30
Oregon,OR,2023,3,68181.5465491183,2023-09-30
Oregon,OR,2023,4,68324.33337913304,2023-12-31
Oregon,OR,2024,1,69549.58169649012,2024-03-31
Oregon,OR,2024,2,70663.26028222006,2024-06-30
Oregon,OR,2024,3,71278.28976180941,2024-09-30
Oregon,OR,2024,4,72269.04685318162,2024-12-31
Oregon,OR,2025,1,72276.4441852814,2025-03-31
Oregon,OR,2025,2,73320.69601500941,2025-06-30
Oregon,OR,2025,3,74236.48430147422,2025-09-30
Oregon,OR,2025,4,74877.84263613743,2025-12-31
Pennsylvania,PA,2010,1,41104.34361076973,2010-03-31
Pennsylvania,PA,2010,2,41932.631213258384,2010-06-30
Pennsylvania,PA,2010,3,42496.36900906162,2010-09-30
Pennsylvania,PA,2010,4,42924.96046464097,2010-12-31
Pennsylvania,PA,2011,1,43561.938870258,2011-03-31
Pennsylvania,PA,2011,2,44065.26308985011,2011-06-30
Pennsylvania,PA,2011,3,44533.598827399466,2011-09-30
Pennsylvania,PA,2011,4,44673.458616156895,2011-12-31
Pennsylvania,PA,2012,1,45331.09282446414,2012-03-31
Pennsylvania,PA,2012,2,45605.44212785796,2012-06-30
Pennsylvania,PA,2012,3,45610.87711348696,2012-09-30
Pennsylvania,PA,2012,4,46669.657736087276,2012-12-31
Pennsylvania,PA,2013,1,45670.9233150682,2013-03-31
Pennsylvania,PA,2013,2,46193.79824215868,2013-06-30
Pennsylvania,PA,2013,3,46261.68019532474,2013-09-30
Pennsylvania,PA,2013,4,46456.22556934374,2013-12-31
Pennsylvania,PA,2014,1,46985.53640319965,2014-03-31
Pennsylvania,PA,2014,2,47538.05230483869,2014-06-30
Pennsylvania,PA,2014,3,48036.13741667704,2014-09-30
Pennsylvania,PA,2014,4,48623.19728788799,2014-12-31
Pennsylvania,PA,2015,1,49129.26965924041,2015-03-31
Pennsylvania,PA,2015,2,49493.69960745398,2015-06-30
Pennsylvania,PA,2015,3,49912.53212120435,2015-09-30
Pennsylvania,PA,2015,4,50315.492659093885,2015-12-31
Pennsylvania,PA,2016,1,50527.0295081475,2016-03-31
Pennsylvania,PA,2016,2,50781.59479305887,2016-06-30
Pennsylvania,PA,2016,3,51381.103663081456,2016-09-30
Pennsylvania,PA,2016,4,51659.643672721395,2016-12-31
Pennsylvania,PA,2017,1,51615.95691458926,2017-03-31
Pennsylvania,PA,2017,2,52048.63678096184,2017-06-30
Pennsylvania,PA,2017,3,52813.54850715677,2017-09-30
Pennsylvania,PA,2017,4,53516.254686811604,2017-12-31
Pennsylvania,PA,2018,1,54217.63593668161,2018-03-31
Pennsylvania,PA,2018,2,54786.410949647,2018-06-30
Pennsylvania,PA,2018,3,55664.24732028548,2018-09-30
Pennsylvania,PA,2018,4,56125.676832897094,2018-12-31
Pennsylvania,PA,2019,1,56507.18113447869,2019-03-31
Pennsylvania,PA,2019,2,56861.63394102438,2019-06-30
Pennsylvania,PA,2019,3,57029.17199883771,2019-09-30
Pennsylvania,PA,2019,4,57537.380410462385,2019-12-31
Pennsylvania,PA,2020,1,57098.49259471069,2020-03-31
Pennsylvania,PA,2020,2,62492.6205656448,2020-06-30
Pennsylvania,PA,2020,3,61755.161910484,2020-09-30
Pennsylvania,PA,2020,4,59778.71238643058,2020-12-31
Pennsylvania,PA,2021,1,66638.67170514514,2021-03-31
Pennsylvania,PA,2021,2,63111.66763004981,2021-06-30
Pennsylvania,PA,2021,3,63016.88117690695,2021-09-30
Pennsylvania,PA,2021,4,63244.84344178846,2021-12-31
Pennsylvania,PA,2022,1,63672.69673318236,2022-03-31
Pennsylvania,PA,2022,2,64617.91245127421,2022-06-30
Pennsylvania,PA,2022,3,65704.95712053959,2022-09-30
Pennsylvania,PA,2022,4,66323.37170298325,2022-12-31
Pennsylvania,PA,2023,1,67011.66064000154,2023-03-31
Pennsylvania,PA,2023,2,67764.86951056797,2023-06-30
Pennsylvania,PA,2023,3,68349.12370326516,2023-09-30
Pennsylvania,PA,2023,4,69277.24447987863,2023-12-31
Pennsylvania,PA,2024,1,69644.87858512532,2024-03-31
Pennsylvania,PA,2024,2,70503.40460811746,2024-06-30
Pennsylvania,PA,2024,3,71392.0091664413,2024-09-30
Pennsylvania,PA,2024,4,71884.63333314937,2024-12-31
Pennsylvania,PA,2025,1,72955.57724103161,2025-03-31
Pennsylvania,PA,2025,2,73834.07639780965,2025-06-30
Pennsylvania,PA,2025,3,74720.845439526,2025-09-30
Pennsylvania,PA,2025,4,75412.82806174112,2025-12-31
Rhode Island,RI,2010,1,41739.70629813832,2010-03-31
Rhode Island,RI,2010,2,42664.474370821845,2010-06-30
Rhode Island,RI,2010,3,43020.07411806898,2010-09-30
Rhode Island,RI,2010,4,43255.55932955975,2010-12-31
Rhode Island,RI,2011,1,43643.038861143505,2011-03-31
Rhode Island,RI,2011,2,44459.67989113984,2011-06-30
Rhode Island,RI,2011,3,44526.5787902971,2011-09-30
Rhode Island,RI,2011,4,44573.5503577905,2011-12-31
Rhode Island,RI,2012,1,45472.479199312154,2012-03-31
Rhode Island,RI,2012,2,45617.42280970677,2012-06-30
Rhode Island,RI,2012,3,45486.60385460895,2012-09-30
Rhode Island,RI,2012,4,46139.46627762247,2012-12-31
Rhode Island,RI,2013,1,45348.724847474325,2013-03-31
Rhode Island,RI,2013,2,45489.21899276214,2013-06-30
Rhode Island,RI,2013,3,45800.333472280116,2013-09-30
Rhode Island,RI,2013,4,45964.51172837167,2013-12-31
Rhode Island,RI,2014,1,46726.25273186933,2014-03-31
Rhode Island,RI,2014,2,46997.71228127298,2014-06-30
Rhode Island,RI,2014,3,47493.77905199283,2014-09-30
Rhode Island,RI,2014,4,48255.531650877274,2014-12-31
Rhode Island,RI,2015,1,48445.62232823597,2015-03-31
Rhode Island,RI,2015,2,48962.42357264643,2015-06-30
Rhode Island,RI,2015,3,49135.668369152394,2015-09-30
Rhode Island,RI,2015,4,49409.96474548816,2015-12-31
Rhode Island,RI,2016,1,49137.3736075083,2016-03-31
Rhode Island,RI,2016,2,49435.06243051722,2016-06-30
Rhode Island,RI,2016,3,50001.03987839095,2016-09-30
Rhode Island,RI,2016,4,50003.40323837038,2016-12-31
Rhode Island,RI,2017,1,50734.74711183716,2017-03-31
Rhode Island,RI,2017,2,51278.59058789234,2017-06-30
Rhode Island,RI,2017,3,52476.25772085478,2017-09-30
Rhode Island,RI,2017,4,52614.82139105053,2017-12-31
Rhode Island,RI,2018,1,53207.75805267063,2018-03-31
Rhode Island,RI,2018,2,53416.28450975987,2018-06-30
Rhode Island,RI,2018,3,53761.50010667039,2018-09-30
Rhode Island,RI,2018,4,54537.07881714807,2018-12-31
Rhode Island,RI,2019,1,56742.66035885,2019-03-31
Rhode Island,RI,2019,2,56961.05874548035,2019-06-30
Rhode Island,RI,2019,3,56899.06422292323,2019-09-30
Rhode Island,RI,2019,4,57480.26287189626,2019-12-31
Rhode Island,RI,2020,1,56393.55505354828,2020-03-31
Rhode Island,RI,2020,2,61757.77733798942,2020-06-30
Rhode Island,RI,2020,3,60123.558236440556,2020-09-30
Rhode Island,RI,2020,4,58834.258864902185,2020-12-31
Rhode Island,RI,2021,1,65581.32499104686,2021-03-31
Rhode Island,RI,2021,2,62540.17519895095,2021-06-30
Rhode Island,RI,2021,3,61990.59396873101,2021-09-30
Rhode Island,RI,2021,4,62290.85431586659,2021-12-31
Rhode Island,RI,2022,1,63031.02592702192,2022-03-31
Rhode Island,RI,2022,2,64648.4714666181,2022-06-30
Rhode Island,RI,2022,3,64998.56593294029,2022-09-30
Rhode Island,RI,2022,4,65472.764107350165,2022-12-31
Rhode Island,RI,2023,1,66694.54577486213,2023-03-31
Rhode Island,RI,2023,2,67457.5433874297,2023-06-30
Rhode Island,RI,2023,3,68437.58031135605,2023-09-30
Rhode Island,RI,2023,4,69037.66222326353,2023-12-31
Rhode Island,RI,2024,1,69760.13472440484,2024-03-31
Rhode Island,RI,2024,2,70448.88622722136,2024-06-30
Rhode Island,RI,2024,3,71044.69950423941,2024-09-30
Rhode Island,RI,2024,4,71717.0607385527,2024-12-31
Rhode Island,RI,2025,1,72576.11117242296,2025-03-31
Rhode Island,RI,2025,2,73524.05203670455,2025-06-30
Rhode Island,RI,2025,3,74595.00538796488,2025-09-30
Rhode Island,RI,2025,4,75271.26003009365,2025-12-31
Texas,TX,2010,1,37754.48810364768,2010-03-31
Texas,TX,2010,2,38593.390980083626,2010-06-30
Texas,TX,2010,3,39314.66799028615,2010-09-30
Texas,TX,2010,4,39960.10680179861,2010-12-31
Texas,TX,2011,1,41069.38978465777,2011-03-31
Texas,TX,2011,2,41655.10648572163,2011-06-30
Texas,TX,2011,3,42331.59933218704,2011-09-30
Texas,TX,2011,4,42592.46766996664,2011-12-31
Texas,TX,2012,1,43195.83332694375,2012-03-31
Texas,TX,2012,2,43615.21109395295,2012-06-30
Texas,TX,2012,3,43431.20641984472,2012-09-30
Texas,TX,2012,4,45019.55595971802,2012-12-31
Texas,TX,2013,1,43513.617969061976,2013-03-31
Texas,TX,2013,2,44175.3413168741,2013-06-30
Texas,TX,2013,3,44605.21111196124,2013-09-30
Texas,TX,2013,4,45011.43255464971,2013-12-31
Texas,TX,2014,1,45597.69702970268,2014-03-31
Texas,TX,2014,2,46457.175608791455,2014-06-30
Texas,TX,2014,3,47018.61344388841,2014-09-30
Texas,TX,2014,4,47498.528729568556,2014-12-31
Texas,TX,2015,1,46789.27315042803,2015-03-31
Texas,TX,2015,2,46590.95894134273,2015-06-30
Texas,TX,2015,3,46685.44524641671,2015-09-30
Texas,TX,2015,4,46499.8364856133,2015-12-31
Texas,TX,2016,1,45225.34948691097,2016-03-31
Texas,TX,2016,2,45322.873802969,2016-06-30
Texas,TX,2016,3,45832.82104676696,2016-09-30
Texas,TX,2016,4,46513.22358507167,2016-12-31
Texas,TX,2017,1,47095.98351759908,2017-03-31
Texas,TX,2017,2,47926.15495289248,2017-06-30
Texas,TX,2017,3,48690.71193746822,2017-09-30
Texas,TX,2017,4,49680.78921427517,2017-12-31
Texas,TX,2018,1,49956.19496597398,2018-03-31
Texas,TX,2018,2,50689.6768803186,2018-06-30
Texas,TX,2018,3,51589.763952387184,2018-09-30
Texas,TX,2018,4,52314.52957676491,2018-12-31
Texas,TX,2019,1,52369.46866217768,2019-03-31
Texas,TX,2019,2,52792.37158824808,2019-06-30
Texas,TX,2019,3,53234.973139837406,2019-09-30
Texas,TX,2019,4,53728.156345955336,2019-12-31
Texas,TX,2020,1,52880.15091373712,2020-03-31
Texas,TX,2020,2,56282.83773506951,2020-06-30
Texas,TX,2020,3,55244.83551226927,2020-09-30
Texas,TX,2020,4,54891.4892812906,2020-12-31
Texas,TX,2021,1,61891.752628913615,2021-03-31
Texas,TX,2021,2,58918.2506065059,2021-06-30
Texas,TX,2021,3,59619.61435206125,2021-09-30
Texas,TX,2021,4,61153.00301575725,2021-12-31
Texas,TX,2022,1,61550.324619807114,2022-03-31
Texas,TX,2022,2,63102.1373861387,2022-06-30
Texas,TX,2022,3,64724.658694159065,2022-09-30
Texas,TX,2022,4,65653.69110474194,2022-12-31
Texas,TX,2023,1,66406.69935692109,2023-03-31
Texas,TX,2023,2,66960.50524936369,2023-06-30
Texas,TX,2023,3,67850.56287349752,2023-09-30
Texas,TX,2023,4,68870.2623472509,2023-12-31
Texas,TX,2024,1,68538.52687692271,2024-03-31
Texas,TX,2024,2,69458.16952481048,2024-06-30
Texas,TX,2024,3,70156.39407383055,2024-09-30
Texas,TX,2024,4,70893.20275013763,2024-12-31
Texas,TX,2025,1,71169.44936396835,2025-03-31
Texas,TX,2025,2,72250.7862784845,2025-06-30
Texas,TX,2025,3,72679.8363194797,2025-09-30
Texas,TX,2025,4,73355.56388035114,2025-12-31
Utah,UT,2010,1,31487.241718619895,2010-03-31
Utah,UT,2010,2,31721.188882519466,2010-06-30
Utah,UT,2010,3,32195.172394162597,2010-09-30
Utah,UT,2010,4,32779.84213520654,2010-12-31
Utah,UT,2011,1,33401.34297428909,2011-03-31
Utah,UT,2011,2,33885.96051509221,2011-06-30
Utah,UT,2011,3,34343.826570797115,2011-09-30
Utah,UT,2011,4,34622.67438824185,2011-12-31
Utah,UT,2012,1,35077.53282417928,2012-03-31
Utah,UT,2012,2,35453.477152184925,2012-06-30
Utah,UT,2012,3,35284.42483320755,2012-09-30
Utah,UT,2012,4,37033.809763060475,2012-12-31
Utah,UT,2013,1,35615.58631876315,2013-03-31
Utah,UT,2013,2,36181.61891255369,2013-06-30
Utah,UT,2013,3,36587.99774939259,2013-09-30
Utah,UT,2013,4,36542.28875458686,2013-12-31
Utah,UT,2014,1,37004.73092341322,2014-03-31
Utah,UT,2014,2,37487.250397930526,2014-06-30
Utah,UT,2014,3,37948.80556180439,2014-09-30
Utah,UT,2014,4,38742.48849770635,2014-12-31
Utah,UT,2015,1,39287.497829821834,2015-03-31
Utah,UT,2015,2,39897.62791985323,2015-06-30
Utah,UT,2015,3,40374.79898620001,2015-09-30
Utah,UT,2015,4,40864.30403810665,2015-12-31
Utah,UT,2016,1,40835.07186191895,2016-03-31
Utah,UT,2016,2,41207.28286623825,2016-06-30
Utah,UT,2016,3,41758.25764123143,2016-09-30
Utah,UT,2016,4,42468.18829389657,2016-12-31
Utah,UT,2017,1,42296.82878261598,2017-03-31
Utah,UT,2017,2,42958.91143661754,2017-06-30
Utah,UT,2017,3,43706.026021897575,2017-09-30
Utah,UT,2017,4,44448.88739955019,2017-12-31
Utah,UT,2018,1,44814.37191793869,2018-03-31
Utah,UT,2018,2,45479.31590005302,2018-06-30
Utah,UT,2018,3,46183.78252972201,2018-09-30
Utah,UT,2018,4,46899.37381800502,2018-12-31
Utah,UT,2019,1,47917.966724553386,2019-03-31
Utah,UT,2019,2,48126.40261873151,2019-06-30
Utah,UT,2019,3,48883.35238090481,2019-09-30
Utah,UT,2019,4,49506.03783562565,2019-12-31
Utah,UT,2020,1,49001.97017634144,2020-03-31
Utah,UT,2020,2,53134.224734087096,2020-06-30
Utah,UT,2020,3,51668.83375913909,2020-09-30
Utah,UT,2020,4,53251.12592380564,2020-12-31
Utah,UT,2021,1,59649.79517191367,2021-03-31
Utah,UT,2021,2,56645.849514083464,2021-06-30
Utah,UT,2021,3,57748.885137583035,2021-09-30
Utah,UT,2021,4,59256.576745110746,2021-12-31
Utah,UT,2022,1,59014.54008452743,2022-03-31
Utah,UT,2022,2,59949.032507466276,2022-06-30
Utah,UT,2022,3,61332.296972711265,2022-09-30
Utah,UT,2022,4,62556.33590341339,2022-12-31
Utah,UT,2023,1,62811.287873714326,2023-03-31
Utah,UT,2023,2,63975.827851721195,2023-06-30
Utah,UT,2023,3,64970.47626751137,2023-09-30
Utah,UT,2023,4,65964.80577422571,2023-12-31
Utah,UT,2024,1,66225.61399812673,2024-03-31
Utah,UT,2024,2,67241.60522617438,2024-06-30
Utah,UT,2024,3,67586.42562638757,2024-09-30
Utah,UT,2024,4,68325.2245300648,2024-12-31
Utah,UT,2025,1,69022.04750397298,2025-03-31
Utah,UT,2025,2,69838.14762988767,2025-06-30
Utah,UT,2025,3,70244.12077863656,2025-09-30
Utah,UT,2025,4,70859.70684709164,2025-12-31
Virginia,VA,2010,1,44527.30831141161,2010-03-31
Virginia,VA,2010,2,45345.81488244522,2010-06-30
Virginia,VA,2010,3,45746.948780185056,2010-09-30
Virginia,VA,2010,4,46173.431618428905,2010-12-31
Virginia,VA,2011,1,46919.90817083798,2011-03-31
Virginia,VA,2011,2,47330.25384831749,2011-06-30
Virginia,VA,2011,3,47939.02130926782,2011-09-30
Virginia,VA,2011,4,48190.64930711587,2011-12-31
Virginia,VA,2012,1,48547.094482095534,2012-03-31
Virginia,VA,2012,2,48855.493086008646,2012-06-30
Virginia,VA,2012,3,48813.526448264274,2012-09-30
Virginia,VA,2012,4,50217.11261715483,2012-12-31
Virginia,VA,2013,1,48159.846683465235,2013-03-31
Virginia,VA,2013,2,48236.94342722097,2013-06-30
Virginia,VA,2013,3,48240.43185804605,2013-09-30
Virginia,VA,2013,4,48476.385443020416,2013-12-31
Virginia,VA,2014,1,49021.46972555839,2014-03-31
Virginia,VA,2014,2,49657.371897785204,2014-06-30
Virginia,VA,2014,3,50140.23327717268,2014-09-30
Virginia,VA,2014,4,50670.33214157296,2014-12-31
Virginia,VA,2015,1,51013.89300710157,2015-03-31
Virginia,VA,2015,2,51665.64423446838,2015-06-30
Virginia,VA,2015,3,52077.50932409165,2015-09-30
Virginia,VA,2015,4,52281.350394505855,2015-12-31
Virginia,VA,2016,1,52174.4130280526,2016-03-31
Virginia,VA,2016,2,52501.67772458136,2016-06-30
Virginia,VA,2016,3,52994.28546039744,2016-09-30
Virginia,VA,2016,4,53643.39766521563,2016-12-31
Virginia,VA,2017,1,53853.985079230806,2017-03-31
Virginia,VA,2017,2,54331.96816767208,2017-06-30
Virginia,VA,2017,3,54813.74065031907,2017-09-30
Virginia,VA,2017,4,55331.83701449567,2017-12-31
Virginia,VA,2018,1,55513.22301231829,2018-03-31
Virginia,VA,2018,2,55988.80027071104,2018-06-30
Virginia,VA,2018,3,56655.87269061394,2018-09-30
Virginia,VA,2018,4,57324.94254440178,2018-12-31
Virginia,VA,2019,1,57922.54718615083,2019-03-31
Virginia,VA,2019,2,58428.890679310876,2019-06-30
Virginia,VA,2019,3,58902.090329360515,2019-09-30
Virginia,VA,2019,4,59310.82543829694,2019-12-31
Virginia,VA,2020,1,59239.47556314743,2020-03-31
Virginia,VA,2020,2,62887.292480071614,2020-06-30
Virginia,VA,2020,3,61632.768932617044,2020-09-30
Virginia,VA,2020,4,62044.77254068776,2020-12-31
Virginia,VA,2021,1,69206.1334361508,2021-03-31
Virginia,VA,2021,2,65922.14070958603,2021-06-30
Virginia,VA,2021,3,66456.27422703007,2021-09-30
Virginia,VA,2021,4,67273.3867305188,2021-12-31
Virginia,VA,2022,1,67737.14157224055,2022-03-31
Virginia,VA,2022,2,68573.90786677814,2022-06-30
Virginia,VA,2022,3,70462.73729017198,2022-09-30
Virginia,VA,2022,4,71552.1346640805,2022-12-31
Virginia,VA,2023,1,72053.37267353747,2023-03-31
Virginia,VA,2023,2,73479.52378563803,2023-06-30
Virginia,VA,2023,3,74431.47839323575,2023-09-30
Virginia,VA,2023,4,75685.3672351711,2023-12-31
Virginia,VA,2024,1,75929.00029275565,2024-03-31
Virginia,VA,2024,2,76921.6482936609,2024-06-30
Virginia,VA,2024,3,77618.44528383351,2024-09-30
Virginia,VA,2024,4,78637.40954564823,2024-12-31
Virginia,VA,2025,1,79091.26545434645,2025-03-31
Virginia,VA,2025,2,80078.21302153228,2025-06-30
Virginia,VA,2025,3,80769.88261515317,2025-09-30
Virginia,VA,2025,4,81224.60686566052,2025-12-31
Vermont,VT,2010,1,40579.27482001515,2010-03-31
Vermont,VT,2010,2,41494.137910098645,2010-06-30
Vermont,VT,2010,3,41913.8629079417,2010-09-30
Vermont,VT,2010,4,42105.1117935215,2010-12-31
Vermont,VT,2011,1,43152.94875453805,2011-03-31
Vermont,VT,2011,2,43732.35203612262,2011-06-30
Vermont,VT,2011,3,44105.75943443607,2011-09-30
Vermont,VT,2011,4,44696.96124184268,2011-12-31
Vermont,VT,2012,1,44709.20124337243,2012-03-31
Vermont,VT,2012,2,45224.71865266196,2012-06-30
Vermont,VT,2012,3,44771.94461340984,2012-09-30
Vermont,VT,2012,4,45968.5389096703,2012-12-31
Vermont,VT,2013,1,45211.4017966719,2013-03-31
Vermont,VT,2013,2,45788.32211144856,2013-06-30
Vermont,VT,2013,3,45864.44686667635,2013-09-30
Vermont,VT,2013,4,46128.72903576906,2013-12-31
Vermont,VT,2014,1,46487.65448870292,2014-03-31
Vermont,VT,2014,2,47106.488325744416,2014-06-30
Vermont,VT,2014,3,47802.83621520458,2014-09-30
Vermont,VT,2014,4,48628.96020892035,2014-12-31
Vermont,VT,2015,1,48325.370320065194,2015-03-31
Vermont,VT,2015,2,48791.00685511577,2015-06-30
Vermont,VT,2015,3,49106.597849187456,2015-09-30
Vermont,VT,2015,4,49350.60162030009,2015-12-31
Vermont,VT,2016,1,49620.575111392995,2016-03-31
Vermont,VT,2016,2,49584.85888084873,2016-06-30
Vermont,VT,2016,3,49893.49195824244,2016-09-30
Vermont,VT,2016,4,49971.971567958535,2016-12-31
Vermont,VT,2017,1,50568.67989480622,2017-03-31
Vermont,VT,2017,2,50835.98344029741,2017-06-30
Vermont,VT,2017,3,51348.51519359111,2017-09-30
Vermont,VT,2017,4,51748.75066385979,2017-12-31
Vermont,VT,2018,1,52187.2529217256,2018-03-31
Vermont,VT,2018,2,52766.316369025706,2018-06-30
Vermont,VT,2018,3,53247.1086840311,2018-09-30
Vermont,VT,2018,4,53815.7688355671,2018-12-31
Vermont,VT,2019,1,55646.058143149705,2019-03-31
Vermont,VT,2019,2,55620.89974136522,2019-06-30
Vermont,VT,2019,3,55945.2348064085,2019-09-30
Vermont,VT,2019,4,56091.538123792154,2019-12-31
Vermont,VT,2020,1,55758.55606448252,2020-03-31
Vermont,VT,2020,2,61482.66235331628,2020-06-30
Vermont,VT,2020,3,57879.0447380495,2020-09-30
Vermont,VT,2020,4,57507.018266935214,2020-12-31
Vermont,VT,2021,1,64268.630704624884,2021-03-31
Vermont,VT,2021,2,59936.53030260893,2021-06-30
Vermont,VT,2021,3,59975.61947846078,2021-09-30
Vermont,VT,2021,4,60259.59538840427,2021-12-31
Vermont,VT,2022,1,62168.977199381115,2022-03-31
Vermont,VT,2022,2,63170.80853718419,2022-06-30
Vermont,VT,2022,3,64282.58190835899,2022-09-30
Vermont,VT,2022,4,65693.60761194168,2022-12-31
Vermont,VT,2023,1,66884.09533719713,2023-03-31
Vermont,VT,2023,2,67829.71706997755,2023-06-30
Vermont,VT,2023,3,68168.44263434004,2023-09-30
Vermont,VT,2023,4,69201.29314736878,2023-12-31
Vermont,VT,2024,1,70331.20347212233,2024-03-31
Vermont,VT,2024,2,71268.99203583488,2024-06-30
Vermont,VT,2024,3,71842.3686160233,2024-09-30
Vermont,VT,2024,4,72576.29682562515,2024-12-31
Vermont,VT,2025,1,73798.86855612932,2025-03-31
Vermont,VT,2025,2,74519.71029824886,2025-06-30
Vermont,VT,2025,3,74772.40046349798,2025-09-30
Vermont,VT,2025,4,75230.15901331394,2025-12-31
Washington,WA,2010,1,41542.13645569804,2010-03-31
Washington,WA,2010,2,42182.71101224987,2010-06-30
Washington,WA,2010,3,42586.62564442669,2010-09-30
Washington,WA,2010,4,43011.59912436718,2010-12-31
Washington,WA,2011,1,43698.633126517125,2011-03-31
Washington,WA,2011,2,43954.07148084966,2011-06-30
Washington,WA,2011,3,44431.34867203546,2011-09-30
Washington,WA,2011,4,45118.000362945095,2011-12-31
Washington,WA,2012,1,46097.22930699407,2012-03-31
Washington,WA,2012,2,46836.27791671903,2012-06-30
Washington,WA,2012,3,46844.033114549784,2012-09-30
Washington,WA,2012,4,48598.519786408804,2012-12-31
Washington,WA,2013,1,46793.19668596542,2013-03-31
Washington,WA,2013,2,47239.864420638245,2013-06-30
Washington,WA,2013,3,47890.34332952641,2013-09-30
Washington,WA,2013,4,48108.52378007572,2013-12-31
Washington,WA,2014,1,48839.20453200985,2014-03-31
Washington,WA,2014,2,49850.36551734594,2014-06-30
Washington,WA,2014,3,50900.73284835731,2014-09-30
Washington,WA,2014,4,51770.00285227227,2014-12-31
Washington,WA,2015,1,51666.57899983634,2015-03-31
Washington,WA,2015,2,52304.05870450004,2015-06-30
Washington,WA,2015,3,52867.82851028569,2015-09-30
Washington,WA,2015,4,53205.208609617555,2015-12-31
Washington,WA,2016,1,53390.43592150698,2016-03-31
Washington,WA,2016,2,53904.46606495569,2016-06-30
Washington,WA,2016,3,54598.67525319656,2016-09-30
Washington,WA,2016,4,55790.11997461356,2016-12-31
Washington,WA,2017,1,55686.55474437028,2017-03-31
Washington,WA,2017,2,56483.625161232216,2017-06-30
Washington,WA,2017,3,57304.29562607508,2017-09-30
Washington,WA,2017,4,58323.055712133806,2017-12-31
Washington,WA,2018,1,58750.79864691377,2018-03-31
Washington,WA,2018,2,59333.078510329695,2018-06-30
Washington,WA,2018,3,60508.79836870763,2018-09-30
Washington,WA,2018,4,61408.18539848246,2018-12-31
Washington,WA,2019,1,62728.013465678596,2019-03-31
Washington,WA,2019,2,63296.56959316125,2019-06-30
Washington,WA,2019,3,63816.097769064036,2019-09-30
Washington,WA,2019,4,64711.14354249474,2019-12-31
Washington,WA,2020,1,64992.18565172803,2020-03-31
Washington,WA,2020,2,69563.63115862013,2020-06-30
Washington,WA,2020,3,68260.22168004088,2020-09-30
Washington,WA,2020,4,67858.1671198937,2020-12-31
Washington,WA,2021,1,75671.26651340157,2021-03-31
Washington,WA,2021,2,73084.37568921516,2021-06-30
Washington,WA,2021,3,73068.72550138709,2021-09-30
Washington,WA,2021,4,73951.24372507527,2021-12-31
Washington,WA,2022,1,74577.35036654206,2022-03-31
Washington,WA,2022,2,75164.59847321657,2022-06-30
Washington,WA,2022,3,76764.72371034778,2022-09-30
Washington,WA,2022,4,77973.1233308351,2022-12-31
Washington,WA,2023,1,79476.47906432928,2023-03-31
Washington,WA,2023,2,80692.92499797478,2023-06-30
Washington,WA,2023,3,81822.07279182461,2023-09-30
Washington,WA,2023,4,83130.29467427767,2023-12-31
Washington,WA,2024,1,83501.94337558297,2024-03-31
Washington,WA,2024,2,85388.46951510086,2024-06-30
Washington,WA,2024,3,85854.3145662477,2024-09-30
Washington,WA,2024,4,87302.7833901239,2024-12-31
Washington,WA,2025,1,87799.4555694149,2025-03-31
Washington,WA,2025,2,88735.96116495147,2025-06-30
Washington,WA,2025,3,90184.02653661658,2025-09-30
Washington,WA,2025,4,90866.48952258586,2025-12-31
Wisconsin,WI,2010,1,38153.176378050724,2010-03-31
Wisconsin,WI,2010,2,38827.277842622265,2010-06-30
Wisconsin,WI,2010,3,39337.33506392541,2010-09-30
Wisconsin,WI,2010,4,39914.134656512266,2010-12-31
Wisconsin,WI,2011,1,40610.53236683819,2011-03-31
Wisconsin,WI,2011,2,40935.18219929055,2011-06-30
Wisconsin,WI,2011,3,41619.4109894424,2011-09-30
Wisconsin,WI,2011,4,41320.08608723694,2011-12-31
Wisconsin,WI,2012,1,42237.12489020377,2012-03-31
Wisconsin,WI,2012,2,42490.49743699554,2012-06-30
Wisconsin,WI,2012,3,42427.65685019206,2012-09-30
Wisconsin,WI,2012,4,43804.90576096979,2012-12-31
Wisconsin,WI,2013,1,42344.89227279413,2013-03-31
Wisconsin,WI,2013,2,42799.771070538016,2013-06-30
Wisconsin,WI,2013,3,43037.32721367609,2013-09-30
Wisconsin,WI,2013,4,43140.254847846256,2013-12-31
Wisconsin,WI,2014,1,43447.271683110564,2014-03-31
Wisconsin,WI,2014,2,44226.85535473395,2014-06-30
Wisconsin,WI,2014,3,44527.27951875122,2014-09-30
Wisconsin,WI,2014,4,45206.18876558937,2014-12-31
Wisconsin,WI,2015,1,45726.43380698731,2015-03-31
Wisconsin,WI,2015,2,46064.8382323774,2015-06-30
Wisconsin,WI,2015,3,46350.87343636315,2015-09-30
Wisconsin,WI,2015,4,46577.9108428755,2015-12-31
Wisconsin,WI,2016,1,46556.44768898578,2016-03-31
Wisconsin,WI,2016,2,46659.07670250399,2016-06-30
Wisconsin,WI,2016,3,47113.5741458693,2016-09-30
Wisconsin,WI,2016,4,47264.773158192744,2016-12-31
Wisconsin,WI,2017,1,47864.330043756876,2017-03-31
Wisconsin,WI,2017,2,48299.46486771353,2017-06-30
Wisconsin,WI,2017,3,49069.374555832954,2017-09-30
Wisconsin,WI,2017,4,49465.532291861404,2017-12-31
Wisconsin,WI,2018,1,50340.71979865454,2018-03-31
Wisconsin,WI,2018,2,50540.829312351416,2018-06-30
Wisconsin,WI,2018,3,51199.133667818896,2018-09-30
Wisconsin,WI,2018,4,51727.577707473116,2018-12-31
Wisconsin,WI,2019,1,52284.55059685838,2019-03-31
Wisconsin,WI,2019,2,52784.414878941505,2019-06-30
Wisconsin,WI,2019,3,52889.16061086626,2019-09-30
Wisconsin,WI,2019,4,53523.180465685,2019-12-31
Wisconsin,WI,2020,1,53279.31717370333,2020-03-31
Wisconsin,WI,2020,2,57314.9628877003,2020-06-30
Wisconsin,WI,2020,3,55217.90981099883,2020-09-30
Wisconsin,WI,2020,4,56183.89957152094,2020-12-31
Wisconsin,WI,2021,1,62962.29867830146,2021-03-31
Wisconsin,WI,2021,2,59615.1426830562,2021-06-30
Wisconsin,WI,2021,3,59826.98778401286,2021-09-30
Wisconsin,WI,2021,4,60368.54349310318,2021-12-31
Wisconsin,WI,2022,1,60655.81407009299,2022-03-31
Wisconsin,WI,2022,2,61280.86996940106,2022-06-30
Wisconsin,WI,2022,3,62480.87566096697,2022-09-30
Wisconsin,WI,2022,4,62928.45972675063,2022-12-31
Wisconsin,WI,2023,1,63698.466363705345,2023-03-31
Wisconsin,WI,2023,2,64471.81026414967,2023-06-30
Wisconsin,WI,2023,3,65210.14779903378,2023-09-30
Wisconsin,WI,2023,4,66111.67974908733,2023-12-31
Wisconsin,WI,2024,1,66773.02033449452,2024-03-31
Wisconsin,WI,2024,2,67522.60470075713,2024-06-30
Wisconsin,WI,2024,3,68138.87068486234,2024-09-30
Wisconsin,WI,2024,4,68760.30691093486,2024-12-31
Wisconsin,WI,2025,1,69547.4826073657,2025-03-31
Wisconsin,WI,2025,2,70320.85691319648,2025-06-30
Wisconsin,WI,2025,3,71016.76319614277,2025-09-30
Wisconsin,WI,2025,4,71393.89032289281,2025-12-31
